0.038299646,0,0,0,0,0,1,0,0,0,0,0,0,0,0,0,0,0.001956947,0.001956947,0,0,0,0,1,0,0,0.003921569,0.317647059,1,0,1,0.02,0,0,0,0,buffer_overflow
0.039187208,0,0,0,0,0,1,0,0,0,0,0,0,0,0,0,0,0.003913894,0.003913894,0,0,0,0,1,0,0,0.007843137,0.007843137,1,0,1,0,0,0,0,0,buffer_overflow
0.019196891,0,0,0,0.1,0,1,0.210526316,1,0,0,0.125,0,0,0,0,0,0.001956947,0.001956947,0,0,0,0,1,0,0,0.007843137,0.007843137,1,0,0.5,0,0,0,0,0,buffer_overflow
0.112767445,0,0,0,0.166666667,0,1,0.105263158,1,0,0,0,0,0,0,0,0,0.001956947,0.001956947,0,0,0,0,1,0,0,0.003921569,0.003921569,1,0,1,0,0,0,0,0,buffer_overflow
0.019210339,0,0,0,0.1,0,1,0.210526316,1,0,0,0.125,0,0,0,0,0,0.001956947,0.001956947,0,0,0,0,1,0,0,0.003921569,0.003921569,1,0,1,0,0,0,0,0,buffer_overflow
0.025954465,0,0,0,0.1,0,1,0.052631579,1,0,0,0,0,0,0,0,0,0.001956947,0.001956947,0,0,0,0,1,0,0,0.007843137,0.007843137,1,0,0.5,0,0,0,0,0,buffer_overflow
0.001203588,0,0,0,0.033333333,0.5,0,0,0,0,0,0,0,0,0,0,0,0.001956947,0.001956947,0,0,1,1,1,0,0,0.015686275,0.015686275,1,0,0.25,0,0.25,0.25,0.75,0.75,guess_passwd
0,0,0,0,0,0,0,0,0,0,0,0,0,0,0,0,0,0.001956947,0.001956947,0,0,0,0,1,0,0,0.003921569,0.062745098,1,0,1,1,0,0,0,0,ipsweep
0,0,0,0,0,0,0,0,0,0,0,0,0,0,0,0,0,0.001956947,0.023483366,0,0,0,0,1,0,1,0.003921569,0.207843137,1,0,1,0.51,0,0,0,0,ipsweep
0,0,0,0,0,0,0,0,0,0,0,0,0,0,0,0,0,0.001956947,0.086105675,0,0,0,0,1,0,1,0.003921569,0.37254902,1,0,1,0.51,0,0,0,0,ipsweep
0,0,0,0,0,0,0,0,0,0,0,0,0,0,0,0,0,0.001956947,0.090019569,0,0,0,0,1,0,1,0.003921569,0.058823529,1,0,1,0.53,0,0,0,0,ipsweep
0,0,0,0,0,0,0,0,0,0,0,0,0,0,0,0,0,0.001956947,0.097847358,0,0,0,0,1,0,1,0.003921569,0.098039216,1,0,1,0.56,0,0,0,0,ipsweep
0,0,0,0,0,0,0,0,0,0,0,0,0,0,0,0,0,0.001956947,0.001956947,0,0,0,0,1,0,0,0.003921569,0.482352941,1,0,1,1,0,0,0,0,ipsweep
0,0,0,0,0,0,0,0,0,0,0,0,0,0,0,0,0,0.001956947,0.04109589,0,0,0,0,1,0,1,0.007843137,0.235294118,1,0,1,0.5,0,0,0,0,ipsweep
0,0,0,0,0,0,0,0,0,0,0,0,0,0,0,0,0,0.001956947,0.045009785,0,0,0,0,1,0,1,0.003921569,0.247058824,1,0,1,0.51,0,0,0,0,ipsweep
0,0,0,0,0,0,0,0,0,0,0,0,0,0,0,0,0,0.001956947,0.086105675,0,0,0,0,1,0,1,0.003921569,0.435294118,1,0,1,0.51,0,0,0,0,ipsweep
0,0,0,0,0,0,0,0,0,0,0,0,0,0,0,0,0,0.001956947,0.068493151,0,0,0,0,1,0,1,0.003921569,0.239215686,1,0,1,0.51,0,0,0,0,ipsweep
0,0,0,0,0,0,0,0,0,0,0,0,0,0,0,0,0,0.001956947,0.088062622,0,0,0,0,1,0,1,0.003921569,0.043137255,1,0,1,0.55,0,0,0,0,ipsweep
0,0,0,0,0,0,0,0,0,0,0,0,0,0,0,0,0,0.001956947,0.001956947,0,0,1,1,1,0,0,0.145098039,0.007843137,0.03,1,0.03,1,0,0,0.86,1,ipsweep
0,0,0,0,0,0,0,0,0,0,0,0,0,0,0,0,0,0.001956947,0.035225049,0,0,0,0,1,0,1,0.007843137,1,1,0,1,0.5,0,0,0,0,ipsweep
0,0,0,0,0,0,0,0,0,0,0,0,0,0,0,0,0,0.001956947,0.001956947,0,0,0,0,1,0,0,0.015686275,0.784313725,1,0,1,0.25,0,0,0,0,ipsweep
0,0,0,0,0,0,0,0,0,0,0,0,0,0,0,0,0,0.001956947,0.052837573,0,0,0,0,1,0,1,0.003921569,0.160784314,1,0,1,0.51,0,0,0,0,ipsweep
0,0,0,0,0,0,0,0,0,0,0,0,0,0,0,0,0,0.001956947,0.001956947,0,0,1,1,1,0,0,0.105882353,0.007843137,0.04,1,0.04,1,0,0,0.89,1,ipsweep
0,0,0,0,0,0,0,0,0,0,0,0,0,0,0,0,0,0.001956947,0.054794521,0,0,0,0,1,0,1,0.003921569,0.137254902,1,0,1,0.51,0,0,0,0,ipsweep
0,0,0,0,0,0,0,0,0,0,0,0,0,0,0,0,0,0.001956947,0.01369863,0,0,0,0,1,0,1,0.003921569,0.231372549,1,0,1,0.51,0,0,0,0,ipsweep
0,0,0,0,0,0,0,0,0,0,0,0,0,0,0,0,0,0.001956947,0.029354207,0,0,0,0,1,0,1,0.003921569,0.109803922,1,0,1,0.54,0,0,0,0,ipsweep
0,0,0,0,0,0,0,0,0,0,0,0,0,0,0,0,0,0.001956947,0.001956947,0,0,1,1,1,0,0,0.074509804,0.003921569,0.05,1,0.05,0,0,0,0.84,1,ipsweep
0,0,0,0,0,0,0,0,0,0,0,0,0,0,0,0,0,0.001956947,0.001956947,0,0,0,0,1,0,0,0.003921569,0.882352941,1,0,1,0.25,0,0,0,0,ipsweep
0,0,0,0,0,0,0,0,0,0,0,0,0,0,0,0,0,0.001956947,0.076320939,0,0,0,0,1,0,1,0.003921569,1,1,0,1,0.5,0,0,0,0,ipsweep
0,0,0,0,0,0,0,0,0,0,0,0,0,0,0,0,0,0.001956947,0.001956947,0,0,0,0,1,0,0,0.003921569,0.129411765,1,0,1,1,0,0,0,0,ipsweep
0,0,0,0,0,0,0,0,0,0,0,0,0,0,0,0,0,0.001956947,0.001956947,0,0,1,1,1,0,0,0.243137255,0.007843137,0.02,1,0.02,1,0,0,0.92,1,ipsweep
0,0,0,0,0,0,0,0,0,0,0,0,0,0,0,0,0,0.001956947,0.080234834,0,0,0,0,1,0,1,0.007843137,1,1,0,1,0.5,0,0,0,0,ipsweep
0,0,0,0,0,0,0,0,0,0,0,0,0,0,0,0,0,0.001956947,0.070450098,0,0,0,0,1,0,1,0.003921569,0.717647059,1,0,1,0.5,0,0,0,0,ipsweep
0,0,0,0,0,0,0,0,0,0,0,0,0,0,0,0,0,0.001956947,0.043052838,0,0,0,0,1,0,1,0.007843137,0.505882353,1,0,1,0.5,0,0,0,0,ipsweep
0,0,0,0,0,0,0,0,0,0,0,0,0,0,0,0,0,0.001956947,0.052837573,0,0,0,0,1,0,1,0.007843137,0.505882353,1,0,1,0.5,0,0,0,0,ipsweep
0,0,0,0,0,0,0,0,0,0,0,0,0,0,0,0,0,0.001956947,0.003913894,0,0,0,0,1,0,1,0.003921569,0.066666667,1,0,1,0.53,0,0,0,0,ipsweep
0,0,0,0,0,0,0,0,0,0,0,0,0,0,0,0,0,0.001956947,0.050880626,0,0,0,0,1,0,1,0.003921569,0.6,1,0,1,0.5,0,0,0,0,ipsweep
0,0,0,0,0,0,0,0,0,0,0,0,0,0,0,0,0,0.001956947,0.066536204,0,0,0,0,1,0,1,0.003921569,0.545098039,1,0,1,0.5,0,0,0,0,ipsweep
0.013932034,0,0,0,0.033333333,0,1,0,1,0,0,0,0,0,0,0,0,0.007827789,0.005870841,0,0,0,0,0.75,0.5,0,0.011764706,0.019607843,1,0,1,0.4,0,0,0,0,loadmodule
0,0,0,0,0,0,0,0,0,0,0,0,0,0,0,0,0,0.001956947,0.029354207,0,0,0,0,1,0,1,0.007843137,0.180392157,1,0,1,0.26,0,0,0,0,nmap
0,0,0,0,0,0,0,0,0,0,0,0,0,0,0,0,0,0.001956947,0.001956947,1,1,0,0,1,0,0,1,0.003921569,0,1,1,0,1,1,0,0,nmap
0,0,0,0,0,0,0,0,0,0,0,0,0,0,0,0,0,0.001956947,0.001956947,1,1,0,0,1,0,0,1,0.003921569,0,1,1,0,1,1,0,0,nmap
0,0,0,0,0,0,0,0,0,0,0,0,0,0,0,0,0,0.001956947,0.048923679,0,0,0,0,1,0,1,0.015686275,0.439215686,1,0,1,0.25,0,0,0,0,nmap
0,0,0,0,0,0,0,0,0,0,0,0,0,0,0,0,0,0.001956947,0.070450098,0,0,0,0,1,0,1,0.003921569,0.662745098,1,0,1,0.25,0,0,0,0,nmap
0,0,0,0,0,0,0,0,0,0,0,0,0,0,0,0,0,0.001956947,0.033268102,0,0,0,0,1,0,1,0.011764706,0.31372549,1,0,1,0.26,0,0,0,0,nmap
0,0,0,0,0,0,0,0,0,0,0,0,0,0,0,0,0,0.001956947,0.101761252,0,0,0,0,1,0,1,0.007843137,1,1,0,1,0.25,0,0,0,0,nmap
0,0,0,0,0,0,0,0,0,0,0,0,0,0,0,0,0,0.003913894,0.003913894,0,0,0,0,1,0,0,0.588235294,0.098039216,0.17,0.03,0.17,0,0,0,0.05,0,normal
0,0,0,0,0,0,0,0,0,0,0,0,0,0,0,0,0,0.025440313,0.001956947,0,0,0,0,0.08,0.15,0,1,0.003921569,0,0.6,0.88,0,0,0,0,0,normal
0.054820403,0,0,0,0,0,1,0,0,0,0,0,0,0,0,0,0,0.009784736,0.009784736,0.2,0.2,0,0,1,0,0,0.117647059,1,1,0,0.03,0.04,0.03,0.01,0,0.01,normal
0.002824061,0,0,0,0,0,1,0,0,0,0,0,0,0,0,0,0,0.058708415,0.062622309,0,0,0,0,1,0,0.09,1,1,1,0,0,0,0,0,0,0,normal
0.015135622,0,0,0,0,0,1,0,0,0,0,0,0,0,0,0,0,0.005870841,0.01369863,0,0,0,0,1,0,0.43,0.031372549,0.858823529,1,0,0.12,0.03,0,0,0,0,normal
0.092709888,0,0,0,0,0,1,0,0,0,0,0,0,0,0,0,0,0.015655577,0.017612524,0,0.11,0,0,1,0,0.22,0.356862745,1,1,0,0.01,0.02,0,0,0,0,normal
0.004141956,0,0,0,0,0,1,0,0,0,0,0,0,0,0,0,0,0.005870841,0.005870841,0,0,0,0,1,0,0,0.258823529,1,1,0,0.02,0.03,0,0,0.02,0,normal
0.007920819,0,0,0,0,0,1,0,0,0,0,0,0,0,0,0,0,0.017612524,0.019569472,0,0,0,0,1,0,0.2,0.615686275,1,1,0,0.01,0.04,0,0,0,0,normal
0.080048681,0,0,0,0,0,1,0,0,0,0,0,0,0,0,0,0,0.015655577,0.019569472,0,0,0,0,1,0,0.2,0.341176471,1,1,0,0.01,0.02,0,0,0,0,normal
0.000706015,0,0,0,0,0,0,0,0,0,0,0,0,0,0,0,0,0.001956947,0.001956947,0,0,0,0,1,0,0,1,0.003921569,0,0.85,1,0,0,0,0,0,normal
0.096966152,0,0,0,0,0,1,0.157894737,0,0,0,0,0,1,0,0,0,0.001956947,0.001956947,0,0,0,0,1,0,0,1,0.098039216,0.1,0.05,0,0,0.53,0,0.02,0.16,normal
0.044297414,0,0,0,0,0,1,0,0,0,0,0,0,0,0,0,0,0.009784736,0.043052838,0,0,0,0,1,0,0.18,0.168627451,1,1,0,0.02,0.14,0,0,0.56,0.57,normal
0.070594801,0,0,0,0,0,1,0,0,0,0,0,0,0,0,0,0,0.02739726,0.02739726,0,0,0,0,1,0,0,1,1,1,0,0,0,0,0,0,0,normal
0.009413537,0,0,0,0,0,1,0,0,0,0,0,0,0,0,0,0,0.064579256,0.064579256,0,0,0.03,0.03,1,0,0,1,1,1,0,0,0,0,0,0,0,normal
0.003731795,0,0,0,0,0,1,0,0,0,0,0,0,0,0,0,0,0.017612524,0.017612524,0,0,0,0,1,0,0,0.035294118,1,1,0,0.11,0.01,0,0,0,0,normal
0.000302578,0,0,0,0,0,0,0,0,0,0,0,0,0,0,0,0,0.354207436,0.354207436,0,0,0,0,1,0,0,1,0.980392157,0.98,0.01,0,0,0,0,0,0,normal
0.000988421,0,0,0,0,0,0,0,0,0,0,0,0,0,0,0,0,0.003913894,0.003913894,0,0,0,0,1,0,0,0.160784314,0.019607843,0.12,0.05,0.05,0,0,0,0,0,normal
0.00028913,0,0,0,0,0,0,0,0,0,0,0,0,0,0,0,0,0.238747554,0.395303327,0,0,0,0,1,0,0.01,1,1,1,0,0.01,0,0,0,0,0,normal
0.015478544,0,0,0,0,0,1,0,0,0,0,0,0,0,0,0,0,0.043052838,0.054794521,0,0,0,0,1,0,0.14,1,1,1,0,0,0,0,0,0,0,normal
0.002501311,0,0,0,0,0,1,0,0,0,0,0,0,0,0,0,0,0.001956947,0.003913894,0,0,0,0,1,0,1,0.709803922,0.576470588,0.81,0.02,0.01,0,0,0,0,0,normal
0.000706015,0,0,0,0,0,0,0,0,0,0,0,0,0,0,0,0,0.007827789,0.003913894,0,0,0,0,0.5,0.5,0,1,0.007843137,0.01,0.66,0.99,0,0,0,0,0,normal
0.020212208,0,0,0,0,0,1,0,0,0,0,0,0,0,0,0,0,0.021526419,0.021526419,0,0,0,0,1,0,0,1,1,1,0,0,0,0,0,0,0,normal
0.005789325,0,0,0,0,0,1,0,0,0,0,0,0,0,0,0,0,0.086105675,0.086105675,0.02,0.02,0,0,1,0,0,1,1,1,0,0,0,0,0,0,0,normal
0.003348529,0,0,0,0,0,1,0,0,0,0,0,0,0,0,0,0,0.019569472,0.019569472,0,0,0,0,1,0,0,0.51372549,1,1,0,0.01,0.04,0,0,0,0,normal
0.009400089,0,0,0,0,0,1,0,0,0,0,0,0,0,0,0,0,0.050880626,0.082191781,0,0,0,0,1,0,0.05,0.101960784,1,1,0,0.04,0.03,0,0,0,0,normal
0.000463953,0,0,0,0,0,0,0,0,0,0,0,0,0,0,0,0,0.234833659,0.234833659,0,0,0,0,1,0,0,1,0.960784314,0.96,0.01,0.01,0,0,0,0,0,normal
0.000894286,0,0,0,0,0,0,0,0,0,0,0,0,0,0,0,0,0.142857143,0.146771037,0,0,0,0,1,0,0.03,0.478431373,0.831372549,0.88,0.02,0.88,0.01,0,0,0.08,0,normal
0.00028913,0,0,0,0,0,0,0,0,0,0,0,0,0,0,0,0,0.28962818,0.446183953,0,0,0,0,1,0,0.01,1,1,1,0,0.01,0,0,0,0,0,normal
0,0,0,0,0,0,1,0,0,0,0,0,0,0,0,0,0,0.003913894,0.003913894,0,0,0,0,1,0,0,0.68627451,0.188235294,0.25,0.02,0.25,0.04,0,0,0,0,normal
0.01878673,0,0,0,0,0,1,0,0,0,0,0,0,0,0,0,0,0.007827789,0.007827789,0,0,0,0,1,0,0,1,1,1,0,0,0,0,0,0,0,normal
0.002239077,0,0,0,0,0,1,0,0,0,0,0,0,0,0,0,0,0.001956947,0.001956947,0,0,0,0,1,0,0,0.42745098,0.521568627,0.39,0.04,0.01,0.02,0,0,0,0,normal
0.019351542,0,0,0,0,0,1,0,0,0,0,0,0,0,0,0,0,0.001956947,0.001956947,0,0,0,0,1,0,0,0.082352941,0.22745098,1,0,0.05,0.03,0,0,0,0,normal
0,0,0,0,0,0,0,0,0,0,0,0,0,0,0,0,0,0.005870841,0.003913894,0,0,0,0,0.67,0.67,0,1,0.364705882,0.36,0.01,0.46,0,0,0,0,0,normal
0.000282406,0,0,0,0,0,0,0,0,0,0,0,0,0,0,0,0,0.017612524,0.02739726,0,0,0,0,1,0,0.21,0.329411765,0.325490196,0.99,0.02,0.01,0,0,0,0,0,normal
0,0,0,0,0,0,1,0,0,0,0,0,0,0,0,0,0,0.001956947,0.001956947,0,0,0,0,1,0,0,0.17254902,0.184313725,0.55,0.07,0.55,0.04,0,0,0,0,normal
0.018759834,0,0,0,0,0,1,0,0,0,0,0,0,0,0,0,0,0.019569472,0.052837573,0,0,0,0,1,0,0.11,0.188235294,1,1,0,0.02,0.09,0,0,0,0,normal
0.038212235,0,0,0,0,0,1,0,0,0,0,0,0,0,0,0,0,0.019569472,0.019569472,0,0,0,0,1,0,0,0.658823529,1,1,0,0.01,0.04,0,0,0,0,normal
0.026774788,0,0,0,0,0,1,0,0,0,0,0,0,0,0,0,0,0.003913894,0.060665362,0,0,0,0,1,0,0.1,0.094117647,1,1,0,0.04,0.05,0,0,0,0,normal
0.002548379,0,0,0,0,0,1,0,0,0,0,0,0,0,0,0,0,0.017612524,0.017612524,0,0,0,0,1,0,0,0.482352941,1,1,0,0.01,0.02,0,0,0,0,normal
0.025295518,0,0,0,0,0,1,0,0,0,0,0,0,0,0,0,0,0.019569472,0.019569472,0,0,0,0,1,0,0,1,1,1,0,0,0,0,0,0,0,normal
0.000706015,0,0,0,0,0,0,0,0,0,0,0,0,0,0,0,0,0.005870841,0.003913894,0,0,0,0,0.67,0.67,0,0.458823529,0.007843137,0.02,0.54,0.78,0,0,0,0,0,normal
0.00952112,0,0,0,0,0,1,0,0,0,0,0,0,0,0,0,0,0.021526419,0.021526419,0,0,0,0,1,0,0,0.611764706,1,1,0,0.01,0.09,0,0,0.46,0.61,normal
0.009971625,0,0,0,0,0,1,0,0,0,0,0,0,0,0,0,0,0.005870841,0.017612524,0,0,0,0,1,0,0.33,1,1,1,0,0,0,0,0,0,0,normal
0.000295854,0,0,0,0,0,0,0,0,0,0,0,0,0,0,0,0,0.213307241,0.369863014,0,0,0,0,0.99,0.02,0.01,1,0.996078431,1,0.01,0.01,0,0,0,0,0,normal
0.002225629,0,0,0,0,0,1,0,0,0,0,0,0,0,0,0,0,0.001956947,0.003913894,0,0,0,0,1,0,1,0.952941176,0.466666667,0.48,0.02,0,0.02,0.01,0.02,0,0,normal
0.000685843,0,0,0,0,0,0,0,0,0,0,0,0,0,0,0,0,0.001956947,0.001956947,0,0,0,0,1,0,0,0.02745098,0.003921569,0.14,0.29,0.14,0,0,0,0,0,normal
0.005042966,0,0,0,0,0,1,0,0,0,0,0,0,0,0,0,0,0.007827789,0.009784736,0,0,0,0,1,0,0.4,0.015686275,1,1,0,0.25,0.03,0,0,0,0,normal
0.000706015,0,0,0,0,0,0,0,0,0,0,0,0,0,0,0,0,0.003913894,0.003913894,0,0,0,0,1,0,0,1,0.007843137,0.01,0.42,0.86,0,0,0,0,0,normal
0.00238028,0,0,0,0,0,0,0,0,0,0,0,0,0,0,0,0,0.062622309,0.062622309,0.03,0.03,0,0,1,0,0,1,1,1,0,0,0,0,0,0,0,normal
0.00205753,0,0,0,0,0,1,0,0,0,0,0,0,0,0,0,0,0.001956947,0.001956947,0,0,0,0,1,0,0,0.258823529,1,1,0,0.02,0.02,0,0,0,0,normal
0,0,0,0,0,0,0,0,0,0,0,0,0,0,0,0,0,0.001956947,0.003913894,0,0,1,1,1,0,1,0.003921569,0.968627451,1,0,1,0.15,0,0,1,0.68,normal
0.048594021,0,0,0,0,0,1,0,0,0,0,0,0,0,0,0,0,0.005870841,0.005870841,0,0,0,0,1,0,0,0.6,1,1,0,0.01,0.05,0,0,0,0,normal
0.00511693,0,0,0,0,0,1,0,0,0,0,0,0,0,0,0,0,0.001956947,0.001956947,0,0,0,0,1,0,0,0.168627451,1,1,0,0.02,0.03,0,0,0,0,normal
0.008149433,0,0,0,0,0,1,0,0,0,0,0,0,0,0,0,0,0.029354207,0.029354207,0,0,0,0,1,0,0,0.949019608,1,1,0,0,0.01,0,0,0,0,normal
0.061625045,0,0,0,0,0,1,0,0,0,0,0,0,0,0,0,0,0.003913894,0.005870841,0,0,0,0,1,0,0.67,0.039215686,1,1,0,0.1,0.05,0,0,0,0,normal
0.015081831,0,0,0,0,0,1,0,0,0,0,0,0,0,0,0,0,0.04109589,0.04109589,0,0,0,0,1,0,0,0.082352941,1,1,0,0.05,0.04,0,0,0,0,normal
0,0,0,0,0,0,0,0,0,0,0,0,0,0,0,0,0,0.001956947,0.001956947,0,0,1,1,1,0,0,0.090196078,0.976470588,1,0,0.04,0.1,0,0,1,0.96,normal
0.00202391,0,0,0,0,0,1,0,0,0,0,0,0,0,0,0,0,0.005870841,0.01369863,0,0,0,0,1,0,0.29,1,0.988235294,0.99,0.01,0,0,0,0,0,0,normal
0.002252525,0,0,0,0,0,1,0,0,0,0,0,0,0,0,0,0,0.003913894,0.003913894,0,0,0,0,0.5,1,1,1,0.596078431,0.6,0.03,0,0,0.01,0.02,0,0.01,normal
0,0,0,0,0,0,0,0,0,0,0,0,0,0,0,0,0,0.001956947,0.001956947,0,0,1,1,1,0,0,0.023529412,1,1,0,0.17,0.21,0,0,1,0.88,normal
0.003435941,0,0,0,0,0,1,0,0,0,0,0,0,0,0,0,0,0.001956947,0.001956947,0,0,0,0,1,0,0,0.011764706,1,1,0,0.33,0.01,0,0,0,0,normal
0.002898025,0,0,0,0,0,1,0,0,0,0,0,0,0,0,0,0,0.007827789,0.009784736,0,0,0,0,1,0,0.4,0.419607843,1,1,0,0.01,0.02,0,0,0,0,normal
0.000974973,0,0,0,0,0,0,0,0,0,0,0,0,0,0,0,0,0.007827789,0.001956947,0,0,0,0,0.25,0.5,0,1,0.937254902,0.94,0.01,0,0,0,0,0,0,normal
0.006549132,0,0,0,0,0,1,0,0,0,0,0,0,0,0,0,0,0.011741683,0.011741683,0,0,0,0,1,0,0,0.023529412,1,1,0,0.17,0.02,0,0.01,0,0,normal
0.017811756,0,0,0,0,0,1,0,0,0,0,0,0,0,0,0,0,0.01369863,0.01369863,0,0,0,0,1,0,0,0.419607843,1,1,0,0.01,0.01,0,0,0,0,normal
0.001849088,0,0,0,0,0,1,0,0,0,0,0,0,0,0,0,0,0.017612524,0.019569472,0,0,0,0.1,1,0,0.2,1,0.980392157,0.98,0.01,0,0,0,0,0,0,normal
0.000927906,0,0,0,0,0,0,0,0,0,0,0,0,0,0,0,0,0.001956947,0.001956947,0,0,0,0,1,0,0,0.764705882,0.039215686,0.03,0.03,0.01,0.2,0.01,0,0.01,0,normal
0.000309302,0,0,0,0,0,0,0,0,0,0,0,0,0,0,0,0,0.187866928,0.348336595,0,0,0,0,1,0,0.02,1,0.996078431,1,0.01,0.01,0,0,0,0,0,normal
0.002245801,0,0,0,0,0,1,0,0,0,0,0.125,0,0,0,0,0,0.001956947,0.001956947,0,0,0,0,1,0,0,0.541176471,0.654901961,0.57,0.03,0.01,0.01,0,0,0,0,normal
0.00093463,0,0,0,0,0,0,0,0,0,0,0,0,0,0,0,0,0.154598826,0.311154599,0,0,0,0,1,0,0.01,1,0.996078431,1,0.01,0,0,0,0,0,0,normal
0.006071731,0,0,0,0.166666667,0,1,0,0,0,0,0,0,0,0,0,1,0.001956947,0.001956947,0,0,0,0,1,0,0,0.690196078,0.192156863,0.28,0.02,0.01,0,0.01,0.02,0,0,normal
0.000927906,0,0,0,0,0,1,0,0,0,0,0,0,0,0,0,0,0.003913894,0.003913894,0,0,0,0,1,0,0,0.007843137,0.007843137,1,0,0.5,0,0,0,0,0,normal
0.009124407,0,0,0,0,0,1,0,0,0,0,0,0,0,0,0,0,0.001956947,0.001956947,0,0,0,0,1,0,0,0.019607843,1,1,0,0.2,0.02,0,0,0,0,normal
0,0,0,0,0,0,0,0,0,0,0,0,0,0,0,0,0,0.005870841,0.001956947,0,0,0,0,0.33,0.67,0,1,0.003921569,0,0.61,0.97,0,0,0,0,0,normal
0.006797918,0,0,0,0,0,1,0,0,0,0,0,0,0,0,0,0,0.005870841,0.007827789,0,0,0,0,1,0,0.5,0.368627451,1,1,0,0.02,0.01,0,0,0,0,normal
0.056561907,0,0,0,0,0,1,0,0,0,0,0,0,0,0,0,0,0.017612524,0.017612524,0,0,0,0,1,0,0,1,1,1,0,0,0,0,0,0,0,normal
0.011558478,0,0,0,0,0,1,0,0,0,0,0,0,0,0,0,0,0.015655577,0.015655577,0,0,0,0,1,0,0,0.423529412,1,1,0,0.01,0.01,0,0,0,0,normal
0.0065962,0,0,0,0,0,1,0,0,0,0,0,0,0,0,0,0,0.003913894,0.005870841,0,0,0,0,1,0,0.67,0.196078431,0.321568627,1,0,0.02,0.04,0,0,0,0,normal
0.06960638,0,0,0,0,0,1,0,0,0,0,0,0,0,0,0,0,0.003913894,0.003913894,0,0,0,0,1,0,0,0.043137255,1,1,0,0.09,0.07,0,0,0,0,normal
0.108228776,0,0,0,0,0,1,0,0,0,0,0,0,0,0,0,0,0.005870841,0.005870841,0,0,0,0,1,0,0,0.121568627,0.505882353,1,0,0.03,0.02,0,0,0,0,normal
0.001902879,0,0,0,0,0,1,0,0,0,0,0,0,0,0,0,0,0.003913894,0.003913894,0,0,0,0,1,0,0,0.105882353,1,1,0,0.04,0.05,0,0.01,0,0,normal
0.000524468,0,0,0,0,0,0,0,0,0,0,0,0,0,0,0,0,0.544031311,0.542074364,0,0,0,0,1,0.01,0,1,0.996078431,1,0.01,0,0,0,0,0,0,normal
0,0,0,0,0,0,1,0,0,0,0.642857143,0,0,0,0,0,0,0.001956947,0.001956947,0,0,0,0,1,0,0,0.023529412,0.360784314,0.83,0.33,0.83,0.03,0,0,0,0,normal
0.056730006,0,0,0,0,0,1,0,0,0,0,0,0,0,0,0,0,0.007827789,0.007827789,0,0,0,0,1,0,0,0.325490196,1,1,0,0.01,0.04,0,0,0,0,normal
0,0,0,0,0,0,1,0,0,0,0,0,0,0,0,0,0,0.003913894,0.003913894,0,0,0,0,1,0,0,0.725490196,0.466666667,0.5,0.38,0.5,0.02,0,0,0.37,0.01,normal
0.000860666,0,0,0,0,0,0,0,0,0,0,0,0,0,0,0,0,0.43444227,0.590998043,0,0,0,0,1,0,0.01,1,0.992156863,0.99,0.01,0,0,0,0,0,0,normal
0,0,0,0,0,0,1,0,0,0,0,0,0,0,0,0,0,0.003913894,0.003913894,0,0,0,0,1,0,0,1,0.023529412,0.02,0.02,0.02,0,0,0,0.83,0,normal
0.000907734,0,0,0,0,0,0,0,0,0,0,0,0,0,0,0,0,0.001956947,0.001956947,0,0,0,0,1,0,0,0.768627451,0.023529412,0.03,0.03,0.01,0.33,0,0,0.01,0,normal
0.003556972,0,0,0,0,0,1,0,0,0,0,0,0,0,0,0,0,0.001956947,0.011741683,0,0,0,0,1,0,0.67,0.368627451,1,1,0,0.01,0.02,0,0,0,0,normal
0,0,0,0,0,0,0,0,0,0,0,0,0,0,0,0,0,0.005870841,0.003913894,0,0,0,0,0.67,0.67,0,0.388235294,0.266666667,0.32,0.06,0.32,0.03,0,0,0,0,normal
0.003126639,0,0,0,0,0,1,0,0,0,0,0,0,0,0,0,0,0.021526419,0.023483366,0,0,0,0,1,0,0.17,0.270588235,1,1,0,0.01,0.04,0,0,0,0,normal
0.045951507,0,0,0,0,0,1,0,0,0,0,0,0,0,0,0,0,0.003913894,0.01369863,0,0,0,0,1,0,0.57,0.070588235,0.074509804,1,0,0.06,0.11,0,0,0,0,normal
0,0,0,0,0,0,0,0,0,0,0,0,0,0,0,0,0,0.001956947,0.005870841,0,0,1,1,1,0,1,0.462745098,0.764705882,1,0,0.01,0.02,0,0,0.74,0.84,normal
0,0,0,0,0,0,0,0,0,0,0,0,0,0,0,0,0,0.001956947,0.001956947,0,0,0,0,1,0,0,0.968627451,0.968627451,1,0,1,0,0,0,0,0,normal
0.002239077,0,0,0,0,0,1,0,0,0,0,0,0,0,0,0,0,0.001956947,0.003913894,0,0,0,0,1,0,1,0.349019608,0.458823529,0.31,0.03,0.01,0.02,0,0,0,0,normal
0,0,0,0,0,0,0,0,0,0,0,0,0,0,0,0,0,0.001956947,0.001956947,0,0,0,0,1,0,0,0.788235294,0.019607843,0.02,0.04,0.02,0,0,0,0,0,normal
0.002212181,0,0,0,0,0,1,0,0,0,0,0,0,0,0,0,0,0.001956947,0.001956947,0,0,0,0,1,0,0,0.639215686,0.270588235,0.36,0.02,0.01,0.03,0,0,0,0,normal
0.00244752,0,0,0,0,0,1,0,0,0,0,0,0,0,0,0,0,0.001956947,0.003913894,0,0,0,0,1,0,1,1,0.392156863,0.39,0.17,0,0,0,0,0,0,normal
0.004410914,0,0,0,0,0,1,0,0,0,0,0,0,0,0,0,0,0.023483366,0.04109589,0,0,0,0,1,0,0.14,0.674509804,1,1,0,0.01,0.02,0,0,0,0,normal
0.016608168,0,0,0,0,0,1,0,0,0,0,0,0,0,0,0,0,0.019569472,0.019569472,0,0,0,0,1,0,0,0.125490196,1,1,0,0.03,0.01,0,0,0,0,normal
0.013031024,0,0,0,0,0,1,0,0,0,0,0,0,0,0,0,0,0.037181996,0.066536204,0,0,0,0,1,0,0.06,0.17254902,1,1,0,0.02,0.03,0,0,0,0,normal
0.032147228,0,0,0,0,0,1,0,0,0,0,0,0,0,0,0,0,0.007827789,0.01369863,0,0,0,0,1,0,0.29,0.043137255,0.109803922,1,0,0.09,0.25,0,0,0,0,normal
0,0,0,0,0,0,1,0,0,0,0,0,0,0,0,0,0,0.001956947,0.001956947,0,0,0,0,1,0,0,0.803921569,0.196078431,0.19,0.02,0.19,0.04,0,0,0,0,normal
0.077755813,0,0,0,0,0,1,0,0,0,0,0,0,0,0,0,0,0.009784736,0.011741683,0,0,0,0,1,0,0.33,0.160784314,0.203921569,1,0,0.02,0.04,0,0,0,0,normal
0.016440069,0,0,0,0,0,1,0,0,0,0,0,0,0,0,0,0,0.007827789,0.009784736,0,0,0,0,1,0,0.4,1,1,1,0,0,0,0,0,0,0,normal
0.002864405,0,0,0,0,0,1,0,0,0,0,0,0,0,0,0,0,0.011741683,0.011741683,0,0,0,0,1,0,0,1,1,1,0,0,0,0,0,0,0,normal
0.005123654,0,0,0,0,0,1,0,0,0,0,0,0,0,0,0,0,0.033268102,0.033268102,0,0,0,0,1,0,0,0.792156863,1,1,0,0,0.02,0,0,0,0,normal
0.003866274,0,0,0,0,0,1,0,0,0,0,0,0,0,0,0,0,0.001956947,0.001956947,0,0,0,0,1,0,0,1,0.078431373,0.08,0.02,0,0,0,0,0,0,normal
0.002218905,0,0,0,0,0,1,0,0,0,0,0,0,0,0,0,0,0.001956947,0.001956947,0,0,0,0,1,0,0,0.839215686,0.650980392,0.63,0.02,0,0.01,0,0,0,0,normal
0.002192009,0,0,0,0,0,1,0,0,0,0,0,0,0,0,0,0,0.003913894,0.001956947,0,0,0,0,0.5,1,0,0.109803922,0.407843137,0.71,0.11,0.04,0.02,0,0,0,0,normal
0.233052272,0,0,0,0,0,1,0,0,0,0,0,0,0,0,0,0,0.001956947,0.001956947,0,0,0,0,1,0,0,0.062745098,1,1,0,0.06,0.06,0,0,0,0,normal
0.01814123,0,0,0,0,0,1,0,0,0,0,0,0,1,0,0,0,0.007827789,0.009784736,0,0,0,0.2,1,0,0.4,1,0.941176471,0.94,0.01,0,0,0,0,0.01,0,normal
0.057483089,0,0,0,0,0,1,0,0,0,0,0,0,0,0,0,0,0.007827789,0.007827789,0,0,0,0,1,0,0,1,1,1,0,0,0,0,0,0,0,normal
0.04039752,0,0,0,0,0,1,0,0,0,0,0,0,0,0,0,0,0.005870841,0.005870841,0,0,0,0,1,0,0,0.501960784,1,1,0,0.01,0.01,0,0,0.01,0,normal
0.0094875,0,0,0,0,0,1,0,0,0,0,0,0,0,0,0,0,0.015655577,0.045009785,0,0,0,0,1,0,0.13,0.145098039,1,1,0,0.03,0.02,0,0,0,0,normal
0.087303829,0,0,0,0,0,1,0,0,0,0,0,0,0,0,0,0,0.001956947,0.001956947,0,0,0,0,1,0,0,0.133333333,1,1,0,0.03,0.04,0,0,0,0,normal
0.003019056,0,0,0,0,0,1,0,0,0,0,0,0,0,0,0,0,0.001956947,0.005870841,0,0,0,0,1,0,1,0.756862745,0.725490196,0.68,0.02,0.01,0.01,0,0,0,0,normal
0.003019056,0,0,0,0,0,1,0,0,0,0,0,0,0,0,0,0,0.019569472,0.021526419,0.1,0.09,0,0,1,0,0.18,0.152941176,1,1,0,0.03,0.04,0.03,0,0,0,normal
0.001136348,0,0,0,0,0,1,0,0,0,0,0,0,0,0,0,0,0.01369863,0.01369863,0,0,0,0,1,0,0,0.11372549,1,1,0,0.03,0.04,0.03,0,0,0,normal
0.002044082,0,0,0,0,0,1,0,0,0,0,0,0,0,0,0,0,0.062622309,0.066536204,0,0,0,0,1,0,0.09,0.396078431,1,1,0,0.01,0.03,0,0,0,0,normal
0,0,0,0,0,0,1,0,0,0,0,0,0,0,0,0,0,0.015655577,0.015655577,0,0,0,0,1,0,0,1,0.17254902,0.17,0.02,0.17,0,0,0,0.72,0,normal
0.086631433,0,0,0,0,0,1,0,0,0,0,0,0,0,0,0,0,0.003913894,0.003913894,0,0,0,0,1,0,0,0.007843137,0.007843137,1,0,0.5,0,0,0,0,0,normal
0.002205457,0,0,0,0,0,1,0,0,0,0,0,0,0,0,0,0,0.001956947,0.005870841,0,0,0,0,1,0,1,1,0.615686275,0.62,0.02,0,0,0,0,0,0,normal
0.006421377,0,0,0,0,0,1,0,0,0,0,0,0,0,0,0,0,0.011741683,0.011741683,0,0,0,0,1,0,0,0.149019608,1,1,0,0.03,0.01,0,0,0,0,normal
0,0,0,0,0,0,0,0,0,0,0,0,0,0,0,0,0,0.017612524,0.003913894,0,0,0,0,0.22,0.22,0,1,0.062745098,0.06,0.01,0.06,0,0,0,0,0,normal
0.000517745,0,0,0,0,0,0,0,0,0,0,0,0,0,0,0,0,0.334637965,0.338551859,0,0,0,0,1,0,0.01,1,0.909803922,0.91,0.01,0,0,0,0,0,0,normal
0.000954802,0,0,0,0,0,0,0,0,0,0,0,0,0,0,0,0,0.001956947,0.001956947,0,0,0,0,1,0,0,0.921568627,0.047058824,0.05,0.03,0,0,0,0,0,0,normal
0.006132247,0,0,0,0,0,1,0,0,0,0,0,0,0,0,0,0,0.003913894,0.003913894,0,0,0,0,1,0,0,0.294117647,1,1,0,0.01,0.03,0,0,0,0,normal
0.012029155,0,0,0,0,0,1,0,0,0,0,0,0,0,0,0,0,0.003913894,0.019569472,0.5,0.1,0,0.1,1,0,0.4,0.28627451,1,1,0,0.01,0.02,0.01,0,0,0,normal
0.009279058,0,0,0,0,0,1,0,0,0,0,0,0,0,0,0,0,0.009784736,0.009784736,0,0,0,0,1,0,0,0.831372549,0.733333333,0.88,0.02,0,0,0,0.01,0,0.01,normal
0.005849841,0,0,0,0,0,1,0,0,0,0,0,0,0,0,0,0,0.054794521,0.054794521,0,0,0,0,1,0,0,1,1,1,0,0,0,0,0,0,0,normal
0.009870766,0,0,0,0,0,0,0,0,0,0,0,0,0,0,0,0,0.001956947,0.001956947,0,0,0,0,1,0,0,0.458823529,0.003921569,0.01,0.04,0.01,0,0,0,0,0,normal
0.009568188,0,0,0,0,0,1,0,0,0,0,0,0,0,0,0,0,0.031311155,0.031311155,0,0,0,0,1,0,0,0.250980392,1,1,0,0.02,0.05,0,0,0,0,normal
0.064220492,0,0,0,0,0,1,0,0,0,0,0,0,0,0,0,0,0.001956947,0.003913894,0,0,0,0,1,0,1,0.901960784,1,1,0,0.01,0.01,0,0,0,0,normal
0.005809497,0,0,0,0,0,1,0,0,0,0,0,0,0,0,0,0,0.076320939,0.076320939,0,0,0,0,1,0,0,0.537254902,1,1,0,0.01,0.01,0,0,0,0,normal
0.069720687,0,0,0,0,0,1,0,0,0,0,0,0,0,0,0,0,0.011741683,0.011741683,0,0,0,0,1,0,0,0.050980392,1,1,0,0.08,0.05,0,0,0,0,normal
0.002218905,0,0,0,0,0,1,0,0,0,0,0,0,0,0,0,0,0.001956947,0.001956947,0,0,0,0,1,0,0,0.105882353,0.505882353,0.74,0.11,0.04,0.02,0,0,0,0,normal
0.046556663,0,0,0,0,0,1,0,0,0,0,0,0,0,0,0,0,0.023483366,0.023483366,0,0,0,0,1,0,0,0.901960784,1,1,0,0,0.01,0,0,0.01,0.01,normal
0.004767284,0,0,0,0,0,1,0,0,0,0,0,0,0,0,0,0,0.001956947,0.007827789,0,0,0,0.25,1,0,0.75,0.019607843,1,1,0,0.2,0.02,0,0,0,0,normal
0.005722086,0,0,0,0,0,1,0,0,0,0,0,0,0,0,0,0,0.033268102,0.068493151,0,0,0,0,1,0,0.06,0.498039216,1,1,0,0.01,0.03,0,0,0,0,normal
0.022592488,0,0,0,0,0,1,0,0,0,0,0,0,0,0,0,0,0.011741683,0.011741683,0,0,0,0,1,0,0,1,1,1,0,0,0,0,0,0,0,normal
0.002205457,0,0,0,0,0,1,0,0,0,0,0,0,0,0,0,0,0.001956947,0.001956947,0,0,0,0,1,0,0,0.415686275,0.611764706,0.41,0.04,0.01,0.01,0,0.01,0,0,normal
0.009971625,0,0,0,0,0,1,0,0,0,0,0,0,0,0,0,0,0.005870841,0.005870841,0,0,0,0,1,0,0,1,1,1,0,0.01,0,0,0,0,0,normal
0,0,0,0,0,0,0,0,0,0,0,0,0,0,0,0,0,0.001956947,0.001956947,0,0,1,1,1,0,0,0.02745098,1,1,0,0.14,0.24,0,0,1,0.91,normal
0.00090101,0,0,0,0,0,0,0,0,0,0,0,0,0,0,0,0,0.283757339,0.440313112,0,0,0,0,1,0,0.01,1,1,1,0,0,0,0,0,0,0,normal
0.018282433,0,0,0,0,0,1,0,0,0,0,0,0,0,0,0,0,0.001956947,0.001956947,0,0,0,0,1,0,0,0.003921569,1,1,0,1,0.07,0,0,0,0,normal
0.005184169,0,0,0,0,0,1,0,0,0,0,0,0,0,0,0,0,0.015655577,0.015655577,0,0,0,0,1,0,0,0.176470588,1,1,0,0.02,0.02,0,0,0,0,normal
0.064536518,0,0,0,0,0,1,0.105263158,0,0,0,0,0,0,0,0,0,0.001956947,0.001956947,0,0,0,0,1,0,0,0.984313725,0.443137255,0.45,0.01,0,0,0.8,0.88,0,0,normal
0.004377295,0,0,0,0,0,1,0,0,0,0,0,0,0,0,0,0,0.023483366,0.023483366,0,0,0,0,1,0,0,1,1,1,0,0.01,0,0,0,0,0,normal
0.003005608,0,0,0,0,0,1,0,0,0,0,0,0,0,0,0,0,0.050880626,0.086105675,0,0,0,0,1,0,0.07,1,1,1,0,0,0,0,0,0,0,normal
0,0,0,0,0,0,1,0,0,0,0,0,0,0,0,0,0,0.003913894,0.003913894,0,0,0,0,1,0,0,0.043137255,0.345098039,0.36,0.27,0.36,0.02,0,0.01,0,0,normal
0.013118436,0,0,0,0,0,1,0,0,0,0,0,0,0,0,0,0,0.058708415,0.060665362,0,0,0,0,1,0,0.06,0.301960784,1,1,0,0.01,0.03,0,0.01,0,0,normal
0.000282406,0,0,0,0,0,0,0,0,0,0,0,0,0,0,0,0,0.007827789,0.011741683,0,0,0,0,1,0,0.5,1,0.960784314,0.96,0.01,0.01,0,0,0,0,0,normal
0.003045952,0,0,0,0,0,1,0,0,0,0,0,0,0,0,0,0,0.029354207,0.029354207,0,0,0,0,1,0,0,1,1,1,0,0,0,0,0,0,0,normal
0,0,0,0,0,0,0,0,0,0,0,0,0,0,0,0,0,0.001956947,0.001956947,0,0,1,1,1,0,0,0.831372549,0.168627451,0.2,0.02,0,0,0,0,0.06,0.12,normal
0.01331343,0,0,0,0,0,1,0,0,0,0,0,0,0,0,0,0,0.035225049,0.035225049,0,0,0,0,1,0,0,0.070588235,1,1,0,0.06,0.03,0,0,0,0,normal
0.03718347,0,0,0,0,0,1,0,0,0,0,0,0,0,0,0,0,0.003913894,0.003913894,0,0,0,0,1,0,0,0.007843137,1,1,0,0.5,0.05,0,0,0,0,normal
0.002158389,0,0,0,0,0,1,0,0,0,0,0,0,0,0,0,0,0.01369863,0.021526419,0,0,0,0,1,0,0.27,0.82745098,1,1,0,0,0.01,0,0,0,0,normal
0.011437447,0,0,0,0,0,1,0,0,0,0,0,0,0,0,0,0,0.01369863,0.01369863,0,0,0,0,1,0,0,0.125490196,1,1,0,0.03,0.04,0,0,0,0,normal
0,0,0,0,0,0,0,0,0,0,0,0,0,0,0,0,0,0.005870841,0.001956947,0,0,0,0,0.33,0.67,0,1,0.003921569,0,0.67,0.95,0,0,0,0,0,normal
0,0,0,0,0,0,0,0,0,0,0,0,0,0,0,0,0,0.001956947,0.001956947,0,0,0,0,1,0,0,0.207843137,0.149019608,0.25,0.09,0.25,0.05,0,0,0,0,normal
0.002824061,0,0,0,0,0,1,0,0,0,0,0,0,0,0,0,0,0.01369863,0.01369863,0,0,0,0,1,0,0,1,1,1,0,0.01,0,0,0,0,0,normal
0,0,0,0,0,0,0,0,0,0,0,0,0,0,0,0,0,0.003913894,0.003913894,0.5,0.5,0,0,1,0,0,0.62745098,0.396078431,0.4,0.05,0.01,0.02,0.01,0.02,0,0,normal
0.00826374,0,0,0,0,0,1,0,0,0,0,0,0,0,0,0,0,0.007827789,0.007827789,0,0,0,0,1,0,0,0.211764706,1,1,0,0.02,0.04,0,0,0,0,normal
0,0,0,0,0,0,1,0,0,0,0,0,0,0,0,0,0,0.001956947,0.001956947,0,0,0,0,1,0,0,1,0.317647059,0.32,0.02,0.31,0,0,0,0,0,normal
0.003852826,0,0,0,0,0,1,0,0,0,0,0,0,0,0,0,0,0.054794521,0.11741683,0.04,0.03,0,0,1,0,0.08,1,1,1,0,0,0,0,0,0,0,normal
0.005520367,0,0,0,0,0,1,0,0,0,0,0,0,0,0,0,0,0.029354207,0.037181996,0,0,0,0,1,0,0.11,0.419607843,1,1,0,0.01,0.01,0,0,0,0,normal
0.000981697,0,0,0,0,0,0,0,0,0,0,0,0,0,0,0,0,0.005870841,0.003913894,0,0,0,0,0.67,0.67,0,1,0.937254902,0.94,0.01,0.01,0,0,0,0,0,normal
0.002198733,0,0,0,0,0,1,0,0,0,0,0,0,0,0,0,0,0.001956947,0.003913894,0,0,0,0,1,0,1,0.792156863,0.603921569,0.58,0.02,0,0.01,0,0,0,0,normal
0.002192009,0,0,0,0,0,1,0,0,0,0,0,0,0,0,0,0,0.003913894,0.001956947,0,0,0,0,0.5,1,0,1,0.043137255,0.04,0.6,0,0,0,0.09,0,0,normal
0.005143825,0,0,0,0,0,1,0,0,0,0,0,0,0,0,0,0,0.017612524,0.017612524,0,0,0,0,1,0,0,1,1,1,0,0.01,0,0,0,0,0,normal
0.103918721,0,0,0,0,0,1,0,0,0,0,0,0,0,0,0,0,0.043052838,0.043052838,0,0,0,0,1,0,0,1,1,1,0,0,0,0,0,0,0,normal
0.002118046,0,0,0,0,0,1,0,0,0,0,0,0,0,0,0,0,0.001956947,0.003913894,0,0,0,0,1,0,1,1,1,1,0,0,0,0,0,0,0,normal
0,0,0,0,0,0,0,0,0,0,0,0,0,0,0,0,0,0.015655577,0.015655577,0,0,0,0,1,0,0,1,0.141176471,0.14,0.03,0.14,0,0,0,0,0,normal
0.000470677,0,0,0,0,0,0,0,0,0,0,0,0,0,0,0,0,0.381604697,0.385518591,0,0,0,0,1,0,0.01,1,0.917647059,0.92,0.01,0.01,0,0,0,0,0,normal
0.00392679,0,0,0,0,0,1,0,0,0,0,0,0,0,0,0,0,0.007827789,0.017612524,0,0,0,0,1,0,0.56,1,1,1,0,0,0,0,0,0,0,normal
0.019122927,0,0,0,0,0,1,0,0,0,0,0,0,0,0,0,0,0.02739726,0.02739726,0,0,0,0,1,0,0,0.556862745,1,1,0,0.01,0.03,0,0,0,0,normal
0.002245801,0,0,0,0,0,1,0,0,0,0,0,0,0,0,0,0,0.001956947,0.005870841,0,0,0,0,1,0,1,0.501960784,0.643137255,0.75,0.03,0.01,0.02,0,0,0,0,normal
0.038124823,0,0,0,0,0,1,0,0,0,0,0,0,0,0,0,0,0.019569472,0.019569472,0,0,0,0,1,0,0,0.270588235,1,1,0,0.01,0.02,0,0,0,0,normal
0.067145412,0,0,0,0,0,1,0,0,0,0,0,0,0,0,0,0,0.019569472,0.021526419,0,0,0,0,1,0,0.18,0.258823529,1,1,0,0.02,0.02,0,0,0,0,normal
0.00032275,0,0,0,0,0,0,0,0,0,0,0,0,0,0,0,0,0.001956947,0.001956947,0,0,0,0,1,0,0,0.164705882,0.090196078,0.55,0.05,0.55,0,0,0,0,0,normal
0.008747865,0,0,0,0,0,1,0,0,0,0,0,0,0,0,0,0,0.009784736,0.009784736,0,0,0,0,1,0,0,0.054901961,1,1,0,0.07,0.03,0,0,0,0,normal
0,0,0,0,0,0,0,0,0,0,0,0,0,0,0,0,0,0.039138943,0.015655577,0,0,0,0,0.4,0.1,0,1,0.062745098,0.06,0.01,0.06,0,0,0,0,0,normal
0,0,0,0,0,0,0,0,0,0,0,0,0,0,0,0,0,0.001956947,0.001956947,0,0,1,1,1,0,0,0.031372549,0.149019608,1,0,0.12,0.18,0,0,1,1,normal
0.022370597,0,0,0,0,0,1,0,0,0,0,0,0,0,0,0,0,0.001956947,0.037181996,0,0,0,0,1,0,0.16,0.223529412,1,1,0,0.02,0.04,0,0,0,0,normal
0.008398219,0,0,0,0,0,1,0,0,0,0,0,0,0,0,0,0,0.01369863,0.01369863,0,0,0,0,1,0,0,0.623529412,1,1,0,0.01,0.03,0,0,0,0,normal
0.02206802,0,0,0,0,0,1,0,0,0,0,0,0,0,0,0,0,0.015655577,0.017612524,0,0,0,0,1,0,0.22,1,1,1,0,0,0,0,0,0,0,normal
0.030136765,0,0,0,0,0,1,0,0,0,0,0,0,0,0,0,0,0.007827789,0.015655577,0,0,0,0,1,0,0.25,0.22745098,1,1,0,0.02,0.02,0,0,0,0,normal
0,0,0,0,0,0,0,0,0,0,0,0,0,0,0,0,0,0.003913894,0.003913894,0,0,0,0,1,0,0,0.023529412,0.007843137,0.33,0.5,0.33,0,0,0,0,0,normal
0.002030634,0,0,0,0,0,1,0,0,0,0,0,0,0,0,0,0,0.001956947,0.001956947,0,0,0,0,1,0,0,0.964705882,0.250980392,0.24,0.29,0,0.03,0,0,0.26,0,normal
0.025241726,0,0,0,0,0,1,0,0,0,0,0,0,0,0,0,0,0.035225049,0.035225049,0,0,0,0,1,0,0,0.243137255,1,1,0,0.02,0.02,0,0.01,0,0,normal
0,0,0,0,0,0,0,0,0,0,0,0,0,0,0,0,0,0.001956947,0.001956947,0,0,1,1,1,0,0,0.047058824,1,1,0,0.08,0.15,0,0,1,0.79,normal
0.042239884,0,0,0,0,0,1,0,0,0,0,0,0,0,0,0,0,0.011741683,0.011741683,0,0,0,0,1,0,0,0.415686275,1,1,0,0.01,0.03,0,0,0,0,normal
0.009823698,0,0,0,0,0,1,0,0,0,0,0,0,0,0,0,0,0.005870841,0.005870841,0,0,0,0,1,0,0,0.231372549,1,1,0,0.02,0.02,0,0,0,0,normal
0.006421377,0,0,0,0,0,1,0,0,0,0,0,0,0,0,0,0,0.005870841,0.005870841,0,0,0,0,1,0,0,0.980392157,1,1,0,0,0.01,0,0,0,0,normal
0.004417638,0,0,0,0,0,1,0,0,0,0,0,0,0,0,0,0,0.01369863,0.017612524,0,0,0,0,1,0,0.33,0.109803922,1,1,0,0.04,0.01,0,0,0,0,normal
0.039812536,0,0,0,0,0,1,0,0,0,0,0,0,0,0,0,0,0.001956947,0.001956947,0,0,0,0,1,0,0,0.192156863,1,1,0,0.02,0.07,0,0,0,0,normal
0.002864405,0,0,0,0,0,1,0,0,0,0,0,0,0,0,0,0,0.009784736,0.009784736,0,0,0,0,1,0,0,0.733333333,1,1,0,0.01,0.01,0,0,0,0,normal
0,0,0,0,0,0,0,0,0,0,0,0,0,0,0,0,0,0.001956947,0.001956947,0,0,0,0,1,0,0,0.968627451,0.968627451,1,0,1,0,0,0,0,0,normal
0.053132691,0,0,0,0,0,1,0,0,0,0,0,0,0,0,0,0,0.001956947,0.015655577,0,0,0,0,1,0,0.88,0.003921569,1,1,0,1,0.04,0,0,0,0,normal
0,0,0,0,0,0,0,0,0,0,0,0,0,0,0,0,0,0.003913894,0.007827789,0,0,0,0,1,0,0.75,0.262745098,0.670588235,1,0,1,0.01,0,0,0,0,normal
0.00028913,0,0,0,0,0,0,0,0,0,0,0,0,0,0,0,0,0.238747554,0.367906067,0,0,0,0,1,0,0.01,1,1,1,0,0.01,0,0,0,0,0,normal
0,0,0,0,0,0,0,0,0,0,0,0,0,0,0,0,0,0.001956947,0.001956947,0,0,1,1,1,0,0,0.023529412,0.215686275,1,0,0.17,0.24,0,0,1,1,normal
0.013152056,0,0,0,0,0,1,0,0,0,0,0,0,0,0,0,0,0.001956947,0.04109589,0,0,0,0,1,0,0.1,0.047058824,1,1,0,0.08,0.05,0,0,0,0,normal
0.000524468,0,0,0,0,0,0,0,0,0,0,0,0,0,0,0,0,0.272015656,0.272015656,0,0,0,0,1,0,0,1,0.650980392,0.65,0.01,0,0,0,0,0,0,normal
0.054551445,0,0,0,0,0,1,0,0,0,0,0,0,0,0,0,0,0.01369863,0.01369863,0,0,0,0,1,0,0,1,1,1,0,0,0,0.01,0.01,0.02,0.02,normal
0.001882707,0,0,0,0,0,1,0,0,0,0,0,0,0,0,0,0,0.001956947,0.001956947,0,0,0,0,1,0,0,0.494117647,0.407843137,0.44,0.05,0.01,0.02,0.01,0.01,0.01,0,normal
0.117938167,0,0,0,0,0,1,0,0,0,0,0,0,0,0,0,0,0.015655577,0.015655577,0,0,0,0,1,0,0,0.141176471,1,1,0,0.03,0.05,0,0,0,0,normal
0,0,0,0,0,0,0,0,0,0,0,0,0,0,0,0,0,0.005870841,0.001956947,0,0,0,0,0.33,1,0,1,0.003921569,0,0.53,0.88,0,0,0,0,0,normal
2.69E-05,0,0,0,0,0,0,0,0,0,0,0,0,0,0,0,0,0.001956947,0.001956947,0,0,0,0,1,0,0,0.098039216,0.098039216,1,0,0.04,0,0.08,0.08,0.04,0.04,normal
0.003906618,0,0,0,0,0,1,0,0,0,0,0,0,0,0,0,0,0.025440313,0.050880626,0,0,0,0,1,0,0.08,1,1,1,0,0,0,0,0,0,0,normal
0,0,0,0,0,0,0,0,0,0,0,0,0,0,0,0,0,0.001956947,0.001956947,0,0,0,0,1,0,0,0.298039216,0.094117647,0.17,0.08,0.17,0.08,0,0,0,0,normal
0.00093463,0,0,0,0,0,0,0,0,0,0,0,0,0,0,0,0,0.150684932,0.307240705,0,0,0,0,1,0,0.01,1,0.949019608,0.95,0.01,0,0,0,0,0,0,normal
1,0,0,0,0.033333333,1,1,1,0,1,0.714285714,1,0,0,0,0,0,0.001956947,0.001956947,0,0,0,0,1,0,0,0.2,0.02745098,0.14,0.08,0.02,0,0,0,0,0,normal
0.005137101,0,0,0,0,0,1,0,0,0,0,0,0,0,0,0,0,0.003913894,0.023483366,0,0,0,0,1,0,0.33,0.090196078,1,1,0,0.04,0.02,0,0,0,0,normal
0.000309302,0,0,0,0,0,0,0,0,0,0,0,0,0,0,0,0,0.021526419,0.039138943,0,0,0,0,1,0,0.15,1,1,1,0,0,0,0,0,0,0,normal
0.035529377,0,0,0,0,0,1,0,0,0,0,0,0,0,0,0,0,0.017612524,0.017612524,0,0,0,0,1,0,0,0.482352941,1,1,0,0.01,0.02,0,0,0.44,0.29,normal
0.006703783,0,0,0,0,0,1,0,0,0,0,0,0,0,0,0,0,0.054794521,0.054794521,0,0,0,0,1,0,0,1,1,1,0,0,0,0,0,0,0,normal
0.011047458,0,0,0,0,0,1,0,0,0,0,0,0,0,0,0,0,0.023483366,0.048923679,0,0.04,0,0,1,0,0.08,0.098039216,1,1,0,0.04,0.04,0,0.01,0,0,normal
0.000981697,0,0,0,0,0,0,0,0,0,0,0,0,0,0,0,0,0.01369863,0.001956947,0,0,0,0,0.14,0.29,0,1,0.88627451,0.89,0.01,0.01,0,0,0,0,0,normal
0,0,0,0,0,0,0,0,0,0,0,0,0,0,0,0,0,0.001956947,0.001956947,0,0,1,1,1,0,0,0.047058824,1,1,0,0.08,0.04,0,0,0.08,0.02,normal
0.019371714,0,0,0,0,0,1,0,0,0,0,0,0,0,0,0,0,0.02739726,0.031311155,0,0,0,0,1,0,0.12,0.054901961,1,1,0,0.07,0.05,0,0,0,0,normal
0.003321634,0,0,0,0,0,1,0,0,0,0,0,0,0,0,0,0,0.003913894,0.003913894,0,0,0,0,1,0,0,1,1,1,0,0,0,0,0,0,0,normal
0,0,0,0,0,0,1,0,0,0,0,0,0,0,0,0,0,0.003913894,0.005870841,0,0,0,0,1,0,0.67,1,0.450980392,0.45,0.01,0.45,0,0,0,0,0,normal
0.009420261,0,0,0,0,0,1,0,0,0,0,0,0,0,0,0,0,0.001956947,0.001956947,0,0,0,0,1,0,0,0.329411765,0.003921569,0.01,0.07,0.01,0,0,0,0,0,normal
0.001896155,0,0,0,0,0,1,0,0,0,0,0,0,0,0,0,0,0.001956947,0.001956947,0,0,0,0,1,0,0,1,0.556862745,0.56,0.03,0,0,0,0,0,0,normal
0.002434072,0,0,0,0,0,1,0,0,0,0,0,0,0,0,0,0,0.019569472,0.035225049,0,0,0,0,1,0,0.17,0.474509804,1,1,0,0.01,0.04,0,0,0,0,normal
0.000739635,0,0,0,0,0,0,0,0,0,0,0,0,0,0,0,0,0.138943249,0.295499022,0,0,0,0,1,0,0.01,1,1,1,0,0,0,0,0,0,0,normal
0.024085206,0,0,0,0,0,1,0,0,0,0,0,0,0,0,0,0,0.023483366,0.023483366,0,0,0,0,1,0,0,0.047058824,1,1,0,0.08,0.03,0,0,0,0,normal
0.011215557,0,0,0,0,0,1,0,0,0,0,0,0,0,0,0,0,0.011741683,0.011741683,0,0,0,0,1,0,0,0.203921569,1,1,0,0.02,0.03,0,0,0,0,normal
0,0,0,0,0,0,0,0,0,0,0,0,0,0,0,0,0,0.011741683,0.011741683,0,0,0,0,1,0,0,0.858823529,0.152941176,0.13,0.02,0.13,0.05,0,0,0,0,normal
0.002084426,0,0,0,0,0,1,0,0,0,0,0,0,0,0,0,0,0.009784736,0.025440313,0,0,0,0,1,0,0.15,0.666666667,1,1,0,0.01,0.01,0,0,0,0,normal
0.027817001,0,0,0,0,0,1,0,0,0,0,0,0,0,0,0,0,0.01369863,0.01369863,0,0,0,0,1,0,0,1,1,1,0,0,0,0,0,0,0,normal
0.046260809,0,0,0,0,0,1,0,0,0,0,0,0,0,0,0,0,0.001956947,0.033268102,0,0,0,0,1,0,0.29,0.094117647,1,1,0,0.04,0.04,0,0,0,0.01,normal
0.002198733,0,0,0,0,0,1,0,0,0,0,0,0,0,0,0,0,0.001956947,0.001956947,0,0,0,0,1,0,0,0.678431373,0.517647059,0.57,0.02,0.01,0.02,0,0,0,0,normal
0.011477791,0,0,0,0,0,1,0,0,0,0,0,0,0,0,0,0,0.017612524,0.017612524,0,0,0,0,1,0,0,0.035294118,1,1,0,0.11,0.04,0,0,0,0,normal
0.04281142,0,0,0,0,0,1,0,0,0,0,0,0,0,0,0,0,0.017612524,0.017612524,0,0,0,0,1,0,0,1,1,1,0,0,0,0,0,0,0,normal
0.000309302,0,0,0,0,0,0,0,0,0,0,0,0,0,0,0,0,0.42074364,0.42074364,0,0,0,0,1,0,0,1,0.980392157,0.98,0.01,0,0,0,0,0,0,normal
0.000981697,0,0,0,0,0,0,0,0,0,0,0,0,0,0,0,0,0.001956947,0.001956947,0,0,0,0,1,0,0,0.898039216,0.850980392,0.95,0.01,0,0,0,0,0,0,normal
0.016856955,0,0,0,0,0,1,0,0,0,0,0,0,0,0,0,0,0.007827789,0.007827789,0,0,0,0,1,0,0,1,0.937254902,0.94,0.01,0,0,0,0,0,0,normal
0.106016595,0,0,0,0,0,1,0,0,0,0,0,0,0,0,0,0,0.023483366,0.023483366,0,0,0,0,1,0,0,0.37254902,1,1,0,0.01,0.02,0,0,0,0,normal
0.000706015,0,0,0,0,0,0,0,0,0,0,0,0,0,0,0,0,0.001956947,0.001956947,0,0,0,0,1,0,0,1,0.011764706,0.01,0.53,0.82,0,0,0,0,0,normal
0.008149433,0,0,0,0,0,1,0,0,0,0,0,0,0,0,0,0,0.005870841,0.005870841,0,0,0,0,1,0,0,0.02745098,1,1,0,0.14,0.21,0,0.01,0.43,0.96,normal
0.001620473,0,0,0,0,0,1,0,0,0,0,0,0,0,0,0,0,0.001956947,0.001956947,0,0,0,0,1,0,0,0.266666667,1,1,0,0.01,0.02,0,0,0,0,normal
0.021819233,0,0,0,0,0,1,0,0,0,0,0,0,0,0,0,0,0.007827789,0.007827789,0,0,0,0,1,0,0,0.984313725,1,1,0,0,0.01,0,0,0,0,normal
0.000880838,0,0,0,0,0,0,0,0,0,0,0,0,0,0,0,0,0.156555773,0.313111546,0,0,0,0,1,0,0.01,1,0.996078431,1,0.01,0,0,0,0,0,0,normal
0.002474415,0,0,0,0,0,1,0,0,0,0,0,0,0,0,0,0,0.001956947,0.001956947,0,0,0,0,1,0,0,0.298039216,0.662745098,0.89,0.04,0.01,0.01,0,0,0,0,normal
0,0,0,0,0,0,0,0,0,0,0,0,0,0,0,0,0,0.007827789,0.007827789,0,0,0,0,1,0,0,1,0.145098039,0.15,0.01,0.16,0,0,0,0,0,normal
0.159935988,0,0,0,0,0,1,0,0,0,0,0,0,0,0,0,0,0.001956947,0.001956947,0,0,0,0,1,0,0,0.035294118,1,1,0,0.11,0.05,0,0,0,0,normal
0.002198733,0,0,0,0,0,1,0,0,0,0,0,0,0,0,0,0,0.001956947,0.001956947,0,0,0,0,1,0,0,0.196078431,0.274509804,0.76,0.12,0.02,0.03,0.02,0,0,0,normal
0.028926453,0,0,0,0,0,1,0,0,0,0,0,0,0,0,0,0,0.001956947,0.001956947,0,0,0,0,1,0,0,0.121568627,0.133333333,1,0,0.03,0.06,0,0.06,0,0.03,normal
0.017811756,0,0,0,0,0,1,0,0,0,0,0,0,0,0,0,0,0.009784736,0.009784736,0,0,0,0,1,0,0,0.019607843,1,1,0,0.2,0.09,0,0,0,0,normal
0.008337704,0,0,0,0,0,1,0,0,0,0,0,0,0,0,0,0,0.015655577,0.015655577,0,0,0,0,1,0,0,1,1,1,0,0.01,0,0,0,0,0,normal
0.002151666,0,0,0,0,0,1,0,0,0,0,0,0,0,0,0,0,0.005870841,0.005870841,0,0,0,0,1,0,0,0.215686275,1,1,0,0.02,0.05,0.02,0,0,0,normal
0.003671279,0,0,0,0,0,1,0,0,0,0,0,0,0,0,0,0,0.04109589,0.04109589,0,0,0,0,1,0,0,0.082352941,1,1,0,0.05,0.06,0,0.01,0,0,normal
0.000282406,0,0,0,0,0,0,0,0,0,0,0,0,0,0,0,0,0.001956947,0.001956947,0,0,0,0,1,0,0,1,0.878431373,0.88,0.01,0.04,0,0,0,0,0,normal
0.000194995,0,0,0,0,0,0,0,0,0,0,0,0,0,0,0,0,0.001956947,0.005870841,0,0,0,0,1,0,1,1,0.992156863,0.99,0.01,0,0,0,0,0,0,normal
0.000988421,0,0,0,0,0,0,0,0,0,0,0,0,0,0,0,0,0.001956947,0.001956947,0,0,0,0,1,0,0,0.607843137,0.560784314,0.92,0.02,0.01,0,0,0,0,0,normal
0,0,0,0,0,0,0,0,0,0,0,0,0,0,0,0,0,0.023483366,0.001956947,0,0,0,0,0.08,0.25,0,1,0.011764706,0.01,0.01,0.09,0,0,0,0,0,normal
0.086631433,0,0,0,0,0,1,0,0,0,0,0,0,0,0,0,0,0.009784736,0.017612524,0,0,0,0,1,0,0.22,0.282352941,0.282352941,1,0,0.01,0,0,0,0,0,normal
0,0,0,0,0,0,0,0,0,0,0,0,0,0,0,0,0,0.001956947,0.001956947,0,0,1,1,1,0,0,0.074509804,0.752941176,1,0,0.05,0.19,0,0,1,0.99,normal
0,0,0,0,0,0,1,0,0,0,0,0,0,0,0,0,0,0.001956947,0.003913894,0,0,0,0,1,0,1,0.294117647,0.254901961,0.63,0.04,0.63,0.05,0.01,0.02,0,0,normal
0.005567435,0,0,0,0,0,1,0,0,0,0,0,0,0,0,0,0,0.017612524,0.017612524,0,0,0,0,1,0,0,0.368627451,1,1,0,0.01,0.03,0,0,0,0,normal
0.009917833,0,0,0,0,0,1,0,0,0,0,0,0,0,0,0,0,0.023483366,0.023483366,0,0,0,0,1,0,0,1,1,1,0,0,0,0,0,0,0,normal
0.088796547,0,0,0,0,0,1,0,0,0,0,0,0,0,0,0,0,0.009784736,0.009784736,0,0,0,0,1,0,0,0.019607843,1,1,0,0.2,0.04,0,0,0,0,normal
0.086019553,0,0,0,0.066666667,0,1,0,0,0,0,0,0,0,0,0,0,0.001956947,0.003913894,0,0,0,0,1,0,1,1,1,1,0,0,0,0,0,0,0,normal
0.005298476,0,0,0,0,0,1,0,0,0,0,0,0,0,0,0,0,0.005870841,0.005870841,0,0,0,0,1,0,0,1,1,1,0,0,0,0,0,0,0,normal
0.000860666,0,0,0,0,0,0,0,0,0,0,0,0,0,0,0,0,0.007827789,0.164383562,0,0,0,0,1,0,0.02,1,0.803921569,0.8,0.02,0,0,0,0,0,0,normal
0,0,0,0,0,0,0,0,0,0,0,0,0,0,0,0,0,0.005870841,0.001956947,0,0,0,0,0.33,0.67,0,1,0.003921569,0,0.54,0.9,0,0,0,0,0,normal
0.000302578,0,0,0,0,0,0,0,0,0,0,0,0,0,0,0,0,0.326810176,0.326810176,0,0,0,0,1,0,0,1,0.996078431,1,0.01,0,0,0,0,0,0,normal
0.002434072,0,0,0,0,0,1,0,0,0,0,0,0,0,0,0,0,0.001956947,0.003913894,0,0,0,0,1,0,1,0.011764706,0.529411765,0.67,0.67,0.33,0.01,0,0,0,0,normal
0.002205457,0,0,0,0,0,1,0,0,0,0,0,0,0,0,0,0,0.001956947,0.001956947,0,0,0,0,1,0,0,0.007843137,0.054901961,1,0,0.5,0.14,0,0,0,0,normal
0.007564449,0,0,0,0,0,1,0,0,0,0,0,0,0,0,0,0,0.005870841,0.005870841,0,0,0,0,1,0,0,0.141176471,1,1,0,0.03,0.03,0,0,0,0,normal
0.046489423,0,0,0,0,0,1,0,0,0,0,0,0,0,0,0,0,0.025440313,0.025440313,0,0,0,0,1,0,0,1,1,1,0,0,0,0,0,0,0,normal
0.005217789,0,0,0,0,0,1,0,0,0,0,0,0,0,0,0,0,0.019569472,0.02739726,0,0,0,0,1,0,0.29,1,1,1,0,0.01,0,0,0,0,0,normal
0,0,0,0,0,0,0,0,0,0,0,0,0,0,0,0,0,0.003913894,0.001956947,0,0,0,0,0.5,1,0,1,0.109803922,0.11,0.01,0.55,0,0,0,0,0,normal
0.050738963,0,0,0,0,0,1,0,0,0,0,0,0,0,0,0,0,0.02739726,0.02739726,0,0,0,0,1,0,0,0.560784314,1,1,0,0.01,0.01,0,0,0,0,normal
0.012378801,0,0,0,0,0,1,0,0,0,0,0,0,0,0,0,0,0.084148728,0.084148728,0,0,0,0,1,0,0,0.168627451,1,1,0,0.02,0.02,0,0,0,0,normal
0.014180821,0,0,0,0,0,1,0,0,0,0,0,0,0,0,0,0,0.009784736,0.050880626,0,0,0,0,1,0,0.23,0.11372549,1,1,0,0.03,0.05,0,0,0,0,normal
0.008472183,0,0,0,0,0,1,0,0,0,0,0,0,0,0,0,0,0.005870841,0.017612524,0,0,0,0,1,0,0.56,1,1,1,0,0,0,0,0,0,0,normal
0.000914458,0,0,0,0,0,0,0,0,0,0,0,0,0,0,0,0,0.438356164,0.587084149,0,0,0,0,1,0,0.01,1,0.992156863,0.99,0.01,0,0,0,0,0,0,normal
0.02791786,0,0,0,1,0,1,0,0,0,0,0,0,0,0,0,1,0.001956947,0.001956947,0,0,0,0,1,0,0,0.619607843,0.156862745,0.25,0.03,0.01,0,0,0,0,0,normal
0.000706015,0,0,0,0,0,0,0,0,0,0,0,0,0,0,0,0,0.007827789,0.003913894,0,0,0,0,0.5,0.5,0,1,0.007843137,0.01,0.51,0.87,0,0,0,0,0,normal
0.000706015,0,0,0,0,0,0,0,0,0,0,0,0,0,0,0,0,0.009784736,0.003913894,0,0,0,0,0.4,0.6,0,1,0.007843137,0.01,0.85,1,0,0,0,0,0,normal
0.01994325,0,0,0,0,0,1,0,0,0,0,0,0,0,0,0,0,0.003913894,0.003913894,0,0,1,1,1,0,0,0.666666667,0.376470588,0.43,0.42,0.01,0.02,0,0,0.41,0.04,normal
0.002185285,0,0,0,0,0,1,0,0,0,0,0,0,0,0,0,0,0.003913894,0.001956947,0,0,0,0,0.5,1,0,0.070588235,0.631372549,0.83,0.17,0.06,0.01,0,0,0,0,normal
0.022404217,0,0,0,0,0,1,0,0,0,0,0,0,0,0,0,0,0.003913894,0.003913894,0,0,0,0,1,0,0,0.039215686,1,1,0,0.1,0.07,0,0,0,0,normal
0.000275682,0,0,0,0,0,0,0,0,0,0,0,0,0,0,0,0,0.195694716,0.324853229,0,0,0,0,1,0,0.01,1,1,1,0,0.01,0,0,0,0,0,normal
0.00093463,0,0,0,0,0,0,0,0,0,0,0,0,0,0,0,0,0.001956947,0.001956947,0,0,0,0,1,0,0,0.494117647,0.019607843,0.04,0.03,0.01,0,0,0,0,0,normal
0.00328129,0,0,0,0,0,1,0,0,0,0,0,0,0,0,0,0,0.021526419,0.021526419,0,0,0,0,1,0,0,0.407843137,1,1,0,0.01,0.04,0.01,0,0,0,normal
0.011733301,0,0,0,0,0,1,0,0,0,0,0,0,0,0,0,0,0.003913894,0.003913894,0,0,0,0,1,0,0,0.152941176,1,1,0,0.03,0.07,0,0,0,0,normal
0.008640282,0,0,0,0,0,1,0,0,0,0,0,0,0,0,0,0,0.015655577,0.015655577,0,0,0,0,1,0,0,0.031372549,1,1,0,0.12,0.04,0,0,0,0,normal
0.000484125,0,0,0,0,0,0,0,0,0,0,0,0,0,0,0,0,0.514677104,0.516634051,0,0,0,0,1,0.01,0.01,1,0.949019608,0.95,0.01,0,0,0,0,0,0,normal
0.063198451,0,0,0,0,0,1,0,0,0,0,0,0,0,0,0,0,0.031311155,0.045009785,0,0,0,0,1,0,0.13,0.309803922,1,1,0,0.01,0.05,0,0,0,0,normal
0,0,0,0,0,0,0,0,0,0,0,0,0,0,0,0,0,0.001956947,0.003913894,0,0,1,1,1,0,1,0.168627451,1,1,0,0.02,0.07,0,0,1,0.97,normal
2.69E-05,0,0,0,0,0,0,0,0,0,0,0,0,0,0,0,0,0.295499022,0.295499022,0,0,0,0,1,0,0,0.592156863,0.592156863,1,0,1,0,0,0,0,0,normal
0.000295854,0,0,0,0,0,0,0,0,0,0,0,0,0,0,0,0,0.005870841,0.009784736,0,0,0,0,0.33,0.67,0.4,0.396078431,0.384313725,0.97,0.02,0.01,0,0,0,0,0,normal
0.002205457,0,0,0,0,0,1,0,0,0,0,0,0,0,0,0,0,0.001956947,0.001956947,0,0,0,0,1,0,0,0.466666667,0.733333333,0.73,0.04,0.01,0.01,0,0,0,0,normal
0.003059399,0,0,0,0,0,1,0,0,0,0,0,0,0,0,0,0,0.01369863,0.017612524,0,0,0,0,1,0,0.33,0.450980392,1,1,0,0.01,0.02,0,0,0,0,normal
0.010731432,0,0,0,0,0,1,0,0,0,0,0,0,0,0,0,0,0.046966732,0.046966732,0,0,0,0,1,0,0,0.192156863,1,1,0,0.02,0.04,0,0,0,0,normal
0.00202391,0,0,0,0,0,1,0,0,0,0,0,0,0,0,0,0,0.017612524,0.017612524,0,0,0,0,1,0,0,0.035294118,1,1,0,0.11,0.05,0,0,0,0,normal
0.030163661,0,0,0,0,0,1,0,0,0,0,0,0,0,0,0,0,0.001956947,0.001956947,0,0,0,0,1,0,0,1,0.980392157,0.98,0.01,0,0,0,0,0.01,0.01,normal
0,0,0,0,0,0,0,0,0,0,0,0,0,0,0,0,0,0.001956947,0.001956947,0,0,0,0,1,0,0,0.003921569,0.003921569,1,0,1,0,0,0,0,0,normal
0.000914458,0,0,0,0,0,0,0,0,0,0,0,0,0,0,0,0,0.410958904,0.410958904,0,0,0,0,1,0,0,0.529411765,0.376470588,0.71,0.02,0.01,0,0,0,0,0,normal
0.001701161,0,0,0,0,0,1,0,0,0,0,0,0,0,0,0,0,0.031311155,0.046966732,0,0,0,0,1,0,0.08,0.062745098,1,1,0,0.06,0.01,0,0,0,0,normal
0.000786703,0,0,0,0,0,0,0,0,0,0,0,0,0,0,0,0,0.084148728,0.084148728,0,0,0,0,1,0,0,1,0.996078431,1,0.01,0,0,0,0,0,0,normal
0.015552507,0,0,0,0,0,1,0,0,0,0,0,0,0,0,0,0,0.045009785,0.070450098,0,0,0,0,1,0,0.08,0.090196078,1,1,0,0.04,0.01,0,0,0,0,normal
0.000470677,0,0,0,0,0,0,0,0,0,0,0,0,0,0,0,0,0.24853229,0.24853229,0,0,0,0,1,0,0,1,0.878431373,0.88,0.01,0,0,0,0,0,0,normal
0.012264493,0,0,0,0,0,1,0.263157895,0,0,0,0,0,0,0,0,0,0.001956947,0.001956947,0,0,0,0,1,0,0,0.505882353,0.047058824,0.09,0.04,0.01,0,0.02,0.25,0,0,normal
0,0,0,0,0,0,1,0,0,0,0,0,0,0,0,0,0,0.025440313,0.001956947,0,0,0,0,0.08,0.31,0,0.325490196,0.003921569,0.01,0.08,0.23,0,0,0,0,0,normal
0.011881228,0,0,0,0,0,1,0,0,0,0,0,0,0,0,0,0,0.003913894,0.011741683,0,0,0,0,1,0,0.33,0.11372549,1,1,0,0.03,0.01,0,0,0,0,normal
0.015491992,0,0,0,0,0,1,0,0,0,0,0,0,0,0,0,0,0.025440313,0.025440313,0,0,0,0,1,0,0,1,1,1,0,0,0,0,0,0,0,normal
0.002837509,0,0,0,0,0,1,0,0,0,0,0,0,0,0,0,0,0.021526419,0.029354207,0,0,0,0,1,0,0.2,1,1,1,0,0,0,0,0,0,0,normal
0,0,0,0,0,0,0,0,0,0,0,0,0,0,0,0,0,0.003913894,0.003913894,0,0,0,0,0.5,1,1,0.447058824,0.17254902,0.15,0.04,0.15,0.05,0,0,0,0,normal
0,0,0,0,0,0,1,0,0,0,0,0,0,0,0,0,0,0.007827789,0.007827789,0,0,0,0,1,0,0,0.392156863,0.247058824,0.33,0.04,0.33,0.03,0,0,0,0,normal
0.001499442,0,0,0,0,0,0,0,0,0,0,0,0,0,0,0,0,0.001956947,0.001956947,0,0,0,0,1,0,0,0.698039216,0.031372549,0.04,0.09,0.01,0.25,0.01,0,0,0,normal
0.000531192,0,0,0,0,0,0,0,0,0,0,0,0,0,0,0,0,0.499021526,0.499021526,0,0,0,0,1,0.01,0.01,1,1,1,0,0,0,0,0,0,0,normal
0.071589946,0,0,0,0,0,1,0,0,0,0,0,0,0,0,0,0,0.003913894,0.003913894,0,0,0,0,1,0,0,0.043137255,0.054901961,1,0,0.09,0.14,0,0.14,0,0.07,normal
0.004417638,0,0,0,0,0,1,0,0,0,0,0,0,0,0,0,0,0.031311155,0.031311155,0,0,0,0,1,0,0,1,1,1,0,0,0,0,0,0,0,normal
0.001701161,0,0,0,0,0,1,0,0,0,0,0,0,0,0,0,0,0.021526419,0.021526419,0,0,0,0,1,0,0,1,1,1,0,0,0,0,0,0,0,normal
0.005063138,0,0,0,0,0,1,0,0,0,0,0,0,0,0,0,0,0.01369863,0.017612524,0,0,0,0,1,0,0.33,1,1,1,0,0,0,0,0,0,0,normal
0.001297723,0,0,0,0,0,1,0,0,0,0,0,0,0,0,0,0,0.001956947,0.001956947,0,0,0,0,1,0,0,0.035294118,1,1,0,0.11,0.03,0,0,0,0,normal
0.002192009,0,0,0,0,0,1,0,0,0,0,0,0,0,0,0,0,0.001956947,0.001956947,0,0,0,0,1,0,0,0.529411765,0.235294118,0.44,0.02,0.01,0,0,0,0,0,normal
0.023076613,0,0,0,0,0,1,0,0,0,0,0,0,0,0,0,0,0.017612524,0.017612524,0,0,0,0,1,0,0,0.035294118,1,1,0,0.11,0.01,0,0,0,0,normal
0.081635535,0,0,0,0,0,1,0,0,0,0,0,0,0,0,0,0,0.023483366,0.023483366,0,0,0,0,1,0,0,0.047058824,1,1,0,0.08,0.04,0,0,0,0,normal
0.002218905,0,0,0,0,0,1,0,0,0,0,0,0,0,0,0,0,0.001956947,0.003913894,0,0,0,0,1,0,1,0.431372549,0.305882353,0.71,0.09,0.01,0,0.02,0.01,0,0,normal
0.012701551,0,0,0,0,0,1,0,0,0,0,0,0,0,0,0,0,0.001956947,0.037181996,0,0,0,0,1,0,0.16,0.003921569,1,1,0,1,0.01,0,0,0,0,normal
0.01035489,0,0,0,0,0,1,0,0,0,0,0,0,0,0,0,0,0.033268102,0.056751468,0,0,0,0,1,0,0.14,0.133333333,1,1,0,0.03,0.05,0,0,0,0,normal
0.001620473,0,0,0,0,0,1,0,0,0,0,0,0,0,0,0,0,0.129158513,0.129158513,0,0,0,0,1,0,0,0.917647059,1,1,0,0,0.01,0,0,0,0,normal
0.000706015,0,0,0,0,0,0,0,0,0,0,0,0,0,0,0,0,0.001956947,0.001956947,0,0,0,0,1,0,0,1,0.003921569,0,0.69,0.96,0,0,0,0,0,normal
0.000706015,0,0,0,0,0,0,0,0,0,0,0,0,0,0,0,0,0.005870841,0.001956947,0,0,0,0,0.33,0.67,0,1,0.003921569,0,0.57,0.95,0,0,0,0,0,normal
0.012930165,0,0,0,0,0,1,0,0,0,0,0,0,0,0,0,0,0.031311155,0.033268102,0,0,0,0,1,0,0.12,0.082352941,1,1,0,0.05,0.02,0,0,0,0,normal
0,0,0,0,0,0,1,0,0,0,0,0,0,0,0,0,0,0.005870841,0.003913894,0,0,0,0,0.67,0.67,0,0.145098039,0.11372549,0.24,0.14,0.24,0.07,0,0,0,0,normal
0.015155794,0,0,0,0,0,1,0,0,0,0,0,0,0,0,0,0,0.007827789,0.007827789,0,0,0,0,1,0,0,0.101960784,1,1,0,0.04,0.03,0,0,0,0,normal
0.044015008,0,0,0,0,0,1,0,0,0,0,0,0,0,0,0,0,0.01369863,0.01369863,0,0,0,0,1,0,0,0.02745098,1,1,0,0.14,0.03,0,0,0,0,normal
0.108544802,0,0,0,0,0,1,0,0,0,0,0,0,0,0,0,0,0.009784736,0.064579256,0,0,0,0,1,0,0.09,0.901960784,1,1,0,0,0.02,0,0,0,0,normal
0.01514907,0,0,0,0,0,1,0,0,0,0,0,0,0,0,0,0,0.033268102,0.033268102,0,0,0,0,1,0,0,0.066666667,1,1,0,0.06,0.04,0,0.01,0,0,normal
0.003886446,0,0,0,0,0,1,0,0,0,0,0,0,0,0,0,0,0.037181996,0.037181996,0,0,0,0,1,0,0,1,1,1,0,0,0,0,0,0,0,normal
0.000706015,0,0,0,0,0,0,0,0,0,0,0,0,0,0,0,0,0.001956947,0.001956947,0,0,0,0,1,0,0,1,0.003921569,0,0.64,0.94,0,0,0,0,0,normal
0.034957841,0,0,0,0,0,1,0,0,0,0,0,0,0,0,0,0,0.007827789,0.007827789,0,0,0,0,1,0,0,0.423529412,1,1,0,0.01,0.05,0,0,0,0,normal
0.154993881,0,0,0,0,0,1,0,0,0,0,0,0,0,0,0,0,0.001956947,0.007827789,0,0,0,0,1,0,0.5,0.207843137,1,1,0,0.02,0.06,0,0,0,0,normal
0.000295854,0,0,0,0,0,0,0,0,0,0,0,0,0,0,0,0,0.207436399,0.205479452,0,0,0,0,0.99,0.02,0,1,0.996078431,1,0.01,0,0,0,0,0,0,normal
0.000295854,0,0,0,0,0,0,0,0,0,0,0,0,0,0,0,0,0.133072407,0.133072407,0,0,0,0,1,0,0,1,0.941176471,0.94,0.01,0.28,0,0,0,0,0,normal
0.003516628,0,0,0,0,0,1,0,0,0,0,0,0,0,0,0,0,0.039138943,0.039138943,0,0,0,0,1,0,0,0.658823529,1,1,0,0.01,0.01,0,0,0,0,normal
0.154624064,0,0,0,0,0,1,0,0,0,0,0,0,0,0,0,0,0.011741683,0.076320939,0,0,0,0,1,0,0.05,1,1,1,0,0,0,0,0,0,0,normal
0.002225629,0,0,0,0,0,1,0,0,0,0,0,0,0,0,0,0,0.001956947,0.001956947,0,0,0,0,1,0,0,0.470588235,0.411764706,0.88,0.03,0.01,0,0,0,0,0,normal
0.001788572,0,0,0,0,0,1,0,0,0,0,0,0,0,0,0,0,0.021526419,0.023483366,0,0,0,0.08,1,0,0.17,1,0.937254902,0.94,0.02,0,0,0,0,0,0,normal
0.002252525,0,0,0,0,0,1,0,0,0,0,0,0,0,0,0,0,0.001956947,0.003913894,0,0,0,0,1,0,1,0.262745098,0.698039216,0.99,0.03,0.01,0.01,0,0,0,0,normal
0.250985059,0,0,0,0,0,1,0,0,0,0,0,0,0,0,0,0,0.005870841,0.007827789,0,0,0,0,1,0,0.5,0.011764706,1,1,0,0.33,0.01,0,0,0,0,normal
0.058189105,0,0,0,0,0,1,0,0,0,0,0,0,0,0,0,0,0.007827789,0.007827789,0,0,0,0,1,0,0,0.290196078,1,1,0,0.01,0.05,0.01,0,0,0,normal
0.020716505,0,0,0,0.733333333,0,1,0,0,0,0,0,0,0,0,0,1,0.001956947,0.001956947,0,0,0,0,1,0,0,0.996078431,0.274509804,0.28,0.02,0,0,0,0,0,0,normal
0.000295854,0,0,0,0,0,0,0,0,0,0,0,0,0,0,0,0,0.497064579,0.495107632,0,0,0,0,1,0.01,0,0.560784314,0.431372549,0.77,0.01,0.25,0,0,0,0,0,normal
0.017125913,0,0,0,0,0,1,0,0,0,0,0,0,0,0,0,0,0.007827789,0.007827789,0,0,0,0,1,0,0,1,1,1,0,0,0,0,0,0,0,normal
0,0,0,0,0,0,0,0,0,0,0,0,0,0,0,0,0,0.001956947,0.001956947,0,0,0,0,1,0,0,0.247058824,0.309803922,0.25,0.06,0.25,0.03,0,0,0,0,normal
0.001714608,0,0,0,0,0,1,0,0,0,0,0,0,0,0,0,0,0.037181996,0.048923679,0,0,0,0,1,0,0.2,1,1,1,0,0,0,0,0,0,0,normal
0,0,0,0,0,0,0,0,0,0,0,0,0,0,0,0,0,0.001956947,0.001956947,0,0,1,1,1,0,0,0.031372549,1,1,0,0.12,0.03,0,0.02,0.38,0.03,normal
0.0024139,0,0,0,0,0,1,0,0,0,0,0,0,0,0,0,0,0.001956947,0.001956947,0,0,0,0,1,0,0,0.839215686,0.752941176,0.72,0.02,0,0.01,0,0,0,0,normal
0,0,0,0,0,0,0,0,0,0,0,0,0,0,0,0,0,0.001956947,0.001956947,0,0,1,1,1,0,0,0.003921569,0.352941176,1,0,1,0.24,0,0,1,1,normal
0.000437057,0,0,0,0,0,0,0,0,0,0,0,0,0,0,0,0,0.203522505,0.203522505,0,0,0,0,1,0,0,1,0.960784314,0.96,0.01,0.01,0,0,0,0,0,normal
0.008539423,0,0,0,0,0,1,0,0,0,0,0,0,0,0,0,0,0.011741683,0.035225049,0,0,0,0,1,0,0.17,1,1,1,0,0,0,0,0,0,0,normal
0.021617515,0,0,0,0,0,1,0,0,0,0,0,0,0,0,0,0,0.001956947,0.001956947,0,0,0,0,1,0,0,0.160784314,1,1,0,0.02,0.04,0,0,0,0,normal
0.000706015,0,0,0,0,0,0,0,0,0,0,0,0,0,0,0,0,0.001956947,0.001956947,0,0,0,0,1,0,0,1,0.007843137,0.01,0.57,0.96,0,0,0,0,0,normal
0.000484125,0,0,0,0,0,0,0,0,0,0,0,0,0,0,0,0,0.500978474,0.500978474,0,0,0,0,1,0,0,1,0.996078431,1,0.01,0,0,0,0,0,0,normal
0,0,0,0,0,0,0,0,0,0,0,0,0,0,0,0,0,0.003913894,0.001956947,0,0,0,0,0.5,1,0,1,0.058823529,0.06,0.01,0.09,0,0,0,0,0,normal
0.000268958,0,0,0,0,0,0,0,0,0,0,0,0,0,0,0,0,0.001956947,0.001956947,0,0,0,0,1,0,0,0.392156863,0.011764706,0.01,0.04,0.01,0.67,0,0,0,0,normal
0.031999301,0,0,0,0,0,1,0,0,0,0,0,0,0,0,0,0,0.02739726,0.02739726,0,0,0,0,1,0,0,0.521568627,1,1,0,0.01,0.01,0,0,0,0,normal
0,0,0,0,0,0,0,0,0,0,0,0,0,0,0,0,0,0.003913894,0.001956947,0,0,0,0,0.5,1,0,1,0.074509804,0.07,0.01,0.35,0,0,0,0,0,normal
0.053509232,0,0,0,0,0,1,0,0,0,0,0,0,0,0,0,0,0.001956947,0.003913894,1,0.5,0,0,1,0,1,0.011764706,1,1,0,0.33,0.03,0.33,0,0,0,normal
0.034917497,0,0,0,0,0,1,0,0,0,0,0,0,0,0,0,0,0.001956947,0.093933464,0,0,0,0,1,0,0.06,0.003921569,0.847058824,1,0,1,0.01,0,0,0,0.2,normal
0.01814123,0,0,0,0,0,1,0,0,0,0,0,0,1,0,0,0,0.015655577,0.017612524,0,0,0,0.11,1,0,0.22,0.333333333,0.329411765,0.99,0.02,0.01,0,0,0,0,0,normal
0.022155431,0,0,0,0,0,1,0,0,0,0,0,0,0,0,0,0,0.009784736,0.011741683,0,0,0,0,1,0,0.33,0.141176471,1,1,0,0.03,0.02,0,0,0,0,normal
0.08385444,0,0,0,0,0,1,0,0,0,0,0,0,0,0,0,0,0.011741683,0.01369863,0,0,0,0,1,0,0.29,1,1,1,0,0,0,0,0,0,0,normal
0.000551364,0,0,0,0,0,0,0,0,0,0,0,0,0,0,0,0,0.450097847,0.450097847,0,0,0,0,1,0.01,0.01,1,1,1,0,0,0,0,0,0,0,normal
0.000706015,0,0,0,0,0,0,0,0,0,0,0,0,0,0,0,0,0.001956947,0.001956947,0,0,0,0,1,0,0,1,0.007843137,0.01,0.55,0.92,0,0,0,0,0,normal
0,0,0,0,0,0,1,0,0,0,0,0,0,0,0,0,0,0.003913894,0.003913894,0,0,0,0,1,0,0,0.243137255,0.215686275,0.08,0.05,0.08,0.05,0,0,0,0,normal
6.72E-06,0,0,0,0,0,0,0,0,0,0,0,0,0,0,0,0,0.001956947,0.001956947,0,0,0,0,1,0,0,0.003921569,0.003921569,1,0,1,0,0,0,0,0,normal
0.000537916,0,0,0,0,0,0,0,0,0,0,0,0,0,0,0,0,0.105675147,0.105675147,0,0,0,0,1,0,0,1,1,1,0,0.01,0,0,0,0,0,normal
0.002319764,0,0,0,0,0,1,0,0,0,0,0,0,0,0,0,0,0.001956947,0.001956947,0,0,0,0,1,0,0,0.745098039,1,1,0,0.01,0.03,0.01,0,0,0,normal
0.000981697,0,0,0,0,0,0,0,0,0,0,0,0,0,0,0,0,0.003913894,0.003913894,0,0,0,0,1,0,0,1,0.964705882,0.96,0.01,0.01,0,0,0,0,0,normal
0,0,0,0,0,0,0,0,0,0,0,0,0,0,0,0,0,0.007827789,0.001956947,0,0,0,0,0.25,0.5,0,1,0.11372549,0.11,0.01,0.54,0,0,0,0,0,normal
0.002212181,0,0,0,0,0,1,0,0,0,0,0,0,0,0,0,0,0.001956947,0.001956947,0,0,0,0,1,0,0,0.262745098,0.694117647,0.69,0.06,0.01,0.01,0,0,0,0,normal
0.000874114,0,0,0,0,0,0,0,0,0,0,0,0,0,0,0,0,0.129158513,0.285714286,0,0,0,0,1,0,0.01,1,0.768627451,0.77,0.01,0,0,0,0,0,0,normal
0.000800151,0,0,0,0,0,0,0,0,0,0,0,0,0,0,0,0,0.28962818,0.287671233,0,0,0,0,0.99,0.01,0,1,0.996078431,1,0.01,0,0,0,0,0,0,normal
0.002655962,0,0,0,0,0,1,0,0,0,0,0,0,0,0,0,0,0.001956947,0.001956947,0,0,0,0,1,0,0,0.866666667,0.576470588,0.67,0.02,0,0,0,0,0,0,normal
0.011820712,0,0,0,0,0,1,0,0,0,0,0,0,0,0,0,0,0.001956947,0.001956947,0,0,0,0,1,0,0,1,1,1,0,0,0,0,0,0,0,normal
0.000894286,0,0,0,0,0,0,0,0,0,0,0,0,0,0,0,0,0.138943249,0.295499022,0,0,0,0,1,0,0.01,1,1,1,0,0,0,0,0,0,0,normal
0.008250292,0,0,0,0,0,1,0,0,0,0,0,0,0,0,0,0,0.003913894,0.062622309,0,0,0,0,1,0,0.06,0.68627451,0.68627451,1,0,0.01,0,0,0,0,0,normal
0.010146448,0,0,0,0,0,1,0,0,0,0,0,0,0,0,0,0,0.007827789,0.031311155,0,0,0,0,1,0,0.25,1,1,1,0,0,0,0,0,0,0,normal
0.000706015,0,0,0,0,0,0,0,0,0,0,0,0,0,0,0,0,0.001956947,0.001956947,0,0,0,0,1,0,0,0.447058824,0.298039216,0.67,0.03,0.01,0,0,0,0,0,normal
0.002407176,0,0,0,0,0,1,0,0,0,0,0,0,0,0,0,0,0.021526419,0.025440313,0,0,0,0,1,0,0.15,0.043137255,1,1,0,0.09,0.05,0,0,0,0,normal
0.002037358,0,0,0,0,0,1,0,0,0,0,0,0,0,0,0,0,0.019569472,0.064579256,0,0,0,0,1,0,0.06,0.231372549,1,1,0,0.02,0.02,0,0,0,0,normal
0.002205457,0,0,0,0,0,1,0,0,0,0,0,0,0,0,0,0,0.001956947,0.001956947,0,0,0,0,1,0,0,0.176470588,0.11372549,0.64,0.07,0.02,0,0,0,0,0,normal
0.030869676,0,0,0,0,0,1,0,0,0,0,0,0,0,0,0,0,0.04109589,0.04109589,0,0,0,0,1,0,0,0.082352941,1,1,0,0.05,0.03,0,0.01,0,0,normal
0.000874114,0,0,0,0,0,1,0,0,0,0,0,0,0,0,0,0,0.001956947,0.001956947,0,0,0,0,1,0,0,0.643137255,0.031372549,0.03,0.04,0.01,0.25,0,0,0,0,normal
0,0,0,0,0,0,1,0,0,0,0,0,0,0,0,0,0,0.031311155,0.031311155,0,0,0,0,1,0,0,0.733333333,0.203921569,0.28,0.02,0.28,0,0,0,0,0,normal
0.006871882,0,0,0,0,0,1,0,0,0,0,0,0,0,0,0,0,0.045009785,0.046966732,0,0,0,0,1,0,0.08,0.090196078,1,1,0,0.04,0.03,0,0,0,0,normal
0.014174097,0,0,0,0,0,1,0,0,0,0,0,0,0,0,0,0,0.017612524,0.029354207,0,0,0,0,1,0,0.27,0.235294118,1,1,0,0.02,0.01,0,0,0,0,normal
0.002239077,0,0,0,0,0,1,0,0,0,0,0,0,0,0,0,0,0.001956947,0.001956947,0,0,0,0,1,0,0,0.596078431,0.741176471,0.65,0.02,0.01,0.01,0,0,0,0,normal
0.0451917,0,0,0,0,0,1,0,0,0,0,0,0,0,0,0,0,0.007827789,0.009784736,0,0,0,0,1,0,0.4,1,1,1,0,0,0,0,0,0,0,normal
0,0,0,0,0,0,0,0,0,0,0,0,0,0,0,0,0,0.001956947,0.001956947,0,0,1,1,1,0,0,0.011764706,0.619607843,1,0,0.33,0.13,0,0,1,1,normal
0.002252525,0,0,0,0,0,1,0,0,0,0,0,0,0,0,0,0,0.001956947,0.001956947,0,0,0,0,1,0,0,0.474509804,0.376470588,0.41,0.04,0.01,0.02,0,0,0,0,normal
0.056071059,0,0,0,0,0,1,0,0,0,0,0,0,0,0,0,0,0.009784736,0.009784736,0,0,0,0,1,0,0,0.019607843,1,1,0,0.2,0.02,0,0.01,0,0,normal
0.048829359,0,0,0,0,0,1,0,0,0,0,0,0,0,0,0,0,0.001956947,0.015655577,0,0,0,0,1,0,0.25,0.301960784,1,1,0,0.01,0.02,0.01,0,0,0,normal
0.087666922,0,0,0,0,0,1,0,0,0,0,0,0,0,0,0,0,0.001956947,0.001956947,0,0,0,0,1,0,0,0.192156863,1,1,0,0.02,0.05,0.02,0,0,0,normal
0.002622342,0,0,0,0,0,1,0,0,0,0,0,0,0,0,0,0,0.025440313,0.02739726,0,0,0,0,1,0,0.14,0.690196078,1,1,0,0.01,0.01,0,0,0,0,normal
0.000706015,0,0,0,0,0,0,0,0,0,0,0,0,0,0,0,0,0.001956947,0.001956947,0,0,0,0,1,0,0,1,0.007843137,0.01,0.51,0.86,0,0,0,0,0,normal
0.022726967,0,0,0,0.8,0,1,0,0,0,0,0,0,0,0,0,1,0.001956947,0.001956947,0,0,0,0,1,0,0,1,0.160784314,0.16,0.02,0,0,0,0,0,0,normal
0.001956671,0,0,0,0,0,1,0,0,0,0,0,0,0,0,0,0,0.003913894,0.003913894,0,0,0,0,1,0,0,0.149019608,1,1,0,0.03,0.02,0,0.02,0,0,normal
0,0,0,0,0,0,1,0,0,0,0,0,0,0,0,0,0,0.017612524,0.017612524,0,0,0,0,1,0,0,0.592156863,0.117647059,0.2,0.03,0.2,0,0,0,0,0,normal
0.002252525,0,0,0,0,0,1,0,0,0,0,0,0,0,0,0,0,0.001956947,0.003913894,0,0,0,0,1,0,1,0.262745098,0.447058824,0.24,0.1,0.01,0.03,0,0,0,0,normal
0.000887562,0,0,0,0,0,0,0,0,0,0,0,0,0,0,0,0,0.422700587,0.571428571,0,0,0,0,1,0,0.01,1,0.992156863,0.99,0.01,0,0,0,0,0,0,normal
0.001721332,0,0,0,0,0,1,0,0,0,0,0,0,0,0,0,0,0.007827789,0.007827789,0,0,0,0,1,0,0,0.756862745,1,1,0,0.01,0.01,0,0,0,0,normal
0.050409489,0,0,0,0,0,1,0,0,0,0,0,0,0,0,0,0,0.050880626,0.050880626,0,0,0,0,1,0,0,1,1,1,0,0,0,0,0,0,0,normal
0.002064254,0,0,0,0,0,1,0,0,0,0,0,0,0,0,0,0,0.003913894,0.056751468,0,0,0,0,1,0,0.07,1,1,1,0,0,0,0,0,0,0,normal
0,0,0,0,0,0,1,0,0,0,0,0,0,0,0,0,0,0.001956947,0.001956947,0,0,0,0,1,0,0,0.537254902,0.17254902,0.32,0.04,0.32,0,0,0,0,0,normal
0.001855812,0,0,0,0,0,1,0,0,0,0,0,0,0,0,0,0,0.025440313,0.025440313,0,0,0,0,1,0,0,0.231372549,1,1,0,0.02,0.03,0,0,0,0,normal
0.003240946,0,0,0,0,0,1,0,0,0,0,0,0,0,0,0,0,0.001956947,0.005870841,0,0,0,0,1,0,1,1,0.050980392,0.05,0.01,0,0,0,0,0.05,0,normal
0,0,0,0,0,0,1,0,0,0,0,0,0,0,0,0,0,0.04109589,0.001956947,0.05,0,0,0,0.05,0.38,0,0.678431373,0.003921569,0.01,0.06,0.32,0,0.01,0,0,0,normal
0,0,0,0,0,0,1,0,0,0,0,0,0,0,0,0,0,0.001956947,0.001956947,0,0,0,0,1,0,0,0.17254902,0.082352941,0.48,0.07,0.48,0,0,0,0,0,normal
0.002218905,0,0,0,0,0,1,0,0,0,0,0,0,0,0,0,0,0.001956947,0.003913894,0,0,0,0,1,0,1,0.450980392,0.305882353,0.68,0.03,0.01,0,0.01,0.01,0,0,normal
0,0,0,0,0,0,1,0,0,0,0,0,0,0,0,0,0,0.003913894,0.003913894,0,0,0,0,1,0,0,0.643137255,0.109803922,0.17,0.03,0.17,0,0,0,0,0,normal
0.005029518,0,0,0,0,0,1,0,0,0,0,0,0,0,0,0,0,0.017612524,0.019569472,0,0,0,0,1,0,0.2,0.2,1,1,0,0.02,0.02,0,0,0,0,normal
0.000282406,0,0,0,0,0,0,0,0,0,0,0,0,0,0,0,0,0.015655577,0.035225049,0,0,0,0,1,0,0.22,1,0.960784314,0.96,0.01,0,0,0,0,0,0,normal
0.008700797,0,0,0,0,0,1,0,0,0,0,0,0,0,0,0,0,0.04109589,0.04109589,0,0,0,0,1,0,0,1,1,1,0,0,0,0,0,0,0,normal
0.009299229,0,0,0,0,0,1,0,0,0,0,0,0,0,0,0,0,0.001956947,0.003913894,0,0,0,0,1,0,1,0.690196078,0.556862745,0.62,0.02,0.01,0.01,0,0,0.01,0.02,normal
0.032059816,0,0,0,0,0,1,0,0,0,0,0,0,0,0,0,0,0.003913894,0.003913894,0.5,0.5,0,0,1,0,0,0.658823529,1,1,0,0.01,0.01,0.01,0.01,0,0,normal
2.69E-05,0,0,0,0,0,0,0,0,0,0,0,0,0,0,0,0,0.373776908,0.373776908,0,0,0,0,1,0,0,0.749019608,0.749019608,1,0,1,0,0,0,0,0,normal
0.023473326,0,0,0,0,0,1,0,0,0,0,0,0,0,0,0,0,0.019569472,0.019569472,0,0,0,0,1,0,0,0.098039216,1,1,0,0.04,0.05,0,0,0,0,normal
0.00714084,0,0,0,0,0,1,0,0,0,0,0,0,0,0,0,0,0.011741683,0.011741683,0,0,0,0,1,0,0,0.023529412,1,1,0,0.17,0.04,0,0.01,0,0,normal
0.008989928,0,0,0,0,0,1,0,0,0,0,0,0,0,0,0,0,0.068493151,0.068493151,0,0,0,0,1,0,0,1,1,1,0,0,0,0,0,0,0,normal
0.002245801,0,0,0,0,0,1,0,0,0,0,0,0,0,0,0,0,0.001956947,0.001956947,0,0,0,0,1,0,0,0.537254902,0.454901961,0.47,0.03,0.01,0.02,0,0,0.03,0.04,normal
0.023379191,0,0,0,0,0,1,0,0,0,0,0,0,0,0,0,0,0.003913894,0.003913894,0,0,0,0,1,0,0,0.007843137,1,1,0,0.5,0.02,0,0,0,0,normal
0.014389263,0,0,0,0,0,1,0,0,0,0,0,0,0,0,0,0,0.023483366,0.023483366,0,0,0,0,1,0,0,0.047058824,1,1,0,0.08,0.04,0,0,0,0,normal
0.011988811,0,0,0,0,0,1,0,0,0,0,0,0,0,0,0,0,0.003913894,0.003913894,0,0,0,0,1,0,0,0.08627451,1,1,0,0.05,0.05,0,0,0,0,normal
0,0,0,0,0,0,1,0,0,0,0,0,0,0,0,0,0,0.003913894,0.003913894,0,0,0,0,1,0,0,0.505882353,0.458823529,0.45,0.02,0.45,0.02,0,0,0,0,normal
0.00321405,0,0,0,0,0,1,0,0,0,0,0,0,0,0,0,0,0.045009785,0.058708415,0,0,0,0.03,1,0,0.13,1,1,1,0,0,0,0,0,0,0,normal
0.001741504,0,0,0,0,0,1,0,0,0,0,0,0,0,0,0,0,0.01369863,0.021526419,0,0,0,0,1,0,0.18,1,1,1,0,0,0,0,0,0,0,normal
0.000981697,0,0,0,0,0,0,0,0,0,0,0,0,0,0,0,0,0.003913894,0.003913894,0,0,0,0,1,0,0,1,0.929411765,0.93,0.01,0.01,0,0,0,0,0,normal
0.003079571,0,0,0,0,0,1,0,0,0,0,0,0,0,0,0,0,0.001956947,0.001956947,0,0,0,0,1,0,0,0.011764706,1,1,0,0.33,0.06,0,0,0,0,normal
0.000847218,0,0,0,0,0,0,0,0,0,0,0,0,0,0,0,0,0.14481409,0.297455969,0,0,0,0,1,0,0.01,1,0.768627451,0.77,0.02,0,0,0,0,0,0,normal
0.000302578,0,0,0,0,0,0,0,0,0,0,0,0,0,0,0,0,0.003913894,0.007827789,0,0,0,0,1,0,0.5,0.368627451,0.274509804,0.74,0.03,0.74,0,0,0,0,0,normal
0.015303721,0,0,0,0,0,1,0,0,0,0,0,0,0,0,0,0,0.003913894,0.001956947,0.5,1,0,0,0.5,1,0,0.094117647,0.035294118,0.38,0.08,0.04,0,0.12,0.33,0.17,0.44,normal
0.045218596,0,0,0,0,0,1,0,0,0,0,0,0,0,0,0,0,0.001956947,0.001956947,0,0,0,0,1,0,0,0.08627451,1,1,0,0.05,0.04,0,0,0,0,normal
0.004081441,0,0,0,0,0,1,0,0,0,0,0,0,0,0,0,0,0.015655577,0.015655577,0,0,0,0,1,0,0,1,1,1,0,0,0,0,0,0,0,normal
0.005836393,0,0,0,0,0,1,0,0,0,0,0,0,0,0,0,0,0.045009785,0.045009785,0,0,0,0,1,0,0,1,1,1,0,0,0,0,0,0,0,normal
0.002225629,0,0,0,0,0,1,0,0,0,0,0,0,0,0,0,0,0.001956947,0.001956947,0,0,0,0,1,0,0,1,0.341176471,0.34,0.03,0,0,0.01,0.02,0,0,normal
0.02045427,0,0,0,0,0,1,0,0,0,0,0,0,0,0,0,0,0.019569472,0.029354207,0,0,0,0,1,0,0.13,0.164705882,1,1,0,0.02,0.03,0,0,0,0,normal
0.001506166,0,0,0,0,0,0,0,0,0,0,0,0,0,0,0,0,0.001956947,0.001956947,0,0,0,0,1,0,0,0.568627451,0.019607843,0.03,0.02,0.01,0,0,0,0,0,normal
0.001889431,0,0,0,0,0,1,0,0,0,0,0,0,0,0,0,0,0.007827789,0.007827789,0,0,0,0,1,0,0,1,0.952941176,0.95,0.01,0,0,0,0,0,0,normal
0.00331491,0,0,0,0,0,0,0,0,0,0,0,0,0,0,0,0,0.001956947,0.001956947,0,0,0,0,1,0,0,0.184313725,0.047058824,0.09,0.06,0.02,0.25,0,0,0,0.08,normal
0.002440796,0,0,0,0,0,1,0,0,0,0,0,0,0,0,0,0,0.001956947,0.007827789,0,0,0,0,1,0,1,0.094117647,0.494117647,1,0,0.04,0.02,0,0,0,0,normal
0.000860666,0,0,0,0,0,0,0,0,0,0,0,0,0,0,0,0,0.037181996,0.154598826,0,0,0,0,1,0,0.03,1,0.933333333,0.93,0.01,0,0,0,0,0,0,normal
0.018403464,0,0,0,0,0,1,0,0,0,0,0,0,0,0,0,0,0.019569472,0.019569472,0,0,0,0,1,0,0,0.047058824,1,1,0,0.08,0.07,0,0,0,0,normal
0,0,0,0,0,0,0,0,0,0,0,0,0,0,0,0,0,0.001956947,0.021526419,0,0,0,0,1,0,0.55,0.384313725,0.305882353,0.33,0.05,0.33,0.04,0,0,0,0,normal
0.009581636,0,0,0,0,0,1,0,0,0,0,0,0,0,0,0,0,0.019569472,0.019569472,0,0,0,0,1,0,0,0.254901961,1,1,0,0.02,0.04,0,0,0,0,normal
0.091465957,0,0,0,0,0,1,0,0,0,0,0,0,0,0,0,0,0.001956947,0.001956947,0,0,0,0,1,0,0,0.133333333,1,1,0,0.03,0.05,0,0,0.94,0.97,normal
0.0599844,0,0,0,0,0,1,0,0,0,0,0,0,0,0,0,0,0.003913894,0.003913894,0,0,0,0,1,0,0,0.407843137,1,1,0,0.01,0.03,0,0.01,0.01,0.03,normal
0.002333212,0,0,0,0,0,1,0,0,0,0,0,0,0,0,0,0,0.060665362,0.060665362,0,0,0,0,1,0,0,1,1,1,0,0,0,0,0,0,0,normal
0.049649682,0,0,0,0,0,1,0,0,0,0,0,0,0,0,0,0,0.031311155,0.031311155,0,0,0,0,1,0,0,0.6,1,1,0,0.01,0.01,0,0,0,0,normal
0,0,0,0,0,0,0,0,0,0,0,0,0,0,0,0,0,0.001956947,0.001956947,0,0,1,1,1,0,0,0.109803922,1,1,0,0.04,0.23,0,0,1,1,normal
0.084876481,0,0,0,0,0,1,0,0,0,0,0,0,0,0,0,0,0.007827789,0.007827789,0,0,0,0,1,0,0,0.109803922,1,1,0,0.04,0.04,0,0,0.46,0.06,normal
0.002232353,0,0,0,0,0,1,0,0,0,0,0,0,0,0,0,0,0.001956947,0.007827789,0,0,0,0,1,0,0.75,0.478431373,0.407843137,0.43,0.05,0.01,0.02,0.01,0.01,0.01,0,normal
0.002239077,0,0,0,0,0,1,0,0,0,0,0,0,0,0,0,0,0.001956947,0.001956947,0,0,0,0,1,0,0,0.349019608,0.380392157,0.53,0.07,0.01,0.02,0,0,0,0,normal
0.002212181,0,0,0,0,0,1,0,0,0,0,0,0,0,0,0,0,0.001956947,0.005870841,0,0,0,0,1,0,1,0.070588235,0.066666667,0.94,0.11,0.06,0,0,0,0,0,normal
0.002259249,0,0,0,0,0,1,0,0,0,0,0,0,0,0,0,0,0.001956947,0.001956947,0,0,0,0,1,0,0,0.235294118,0.509803922,0.42,0.05,0.02,0.02,0,0,0,0,normal
0.000282406,0,0,0,0,0,0,0,0,0,0,0,0,0,0,0,0,0.015655577,0.02739726,0,0,0,0,1,0,0.21,1,0.968627451,0.97,0.01,0,0,0,0,0,0,normal
0,0,0,0,0,0,0,0,0,0,0,0,0,0,0,0,0,0.001956947,0.001956947,0,0,0,0,1,0,0,1,0.003921569,0,0.66,0.98,0,0,0,0,0,normal
0,0,0,0,0,0,0,0,0,0,0,0,0,0,0,0,0,0.001956947,0.003913894,0,0,1,1,1,0,1,0.050980392,1,1,0,0.08,0.11,0,0,1,0.81,normal
0.039227552,0,0,0,0,0,1,0,0,0,0,0,0,0,0,0,0,0.005870841,0.005870841,0,0,0,0,1,0,0,1,1,1,0,0,0,0,0,0,0,normal
0.009595083,0,0,0,0,0,1,0,0,0,0,0,0,0,0,0,0,0.039138943,0.039138943,0,0,0,0,1,0,0,0.078431373,1,1,0,0.05,0.04,0,0,0,0,normal
0.006959293,0,0,0,0,0,1,0,0,0,0,0,0,0,0,0,0,0.066536204,0.066536204,0,0,0,0,1,0,0,1,1,1,0,0,0,0,0,0.32,0.32,normal
0.018793454,0,0,0,0,0,1,0,0,0,0,0,0,0,0,0,0,0.009784736,0.009784736,0,0,0,0,1,0,0,0.164705882,1,1,0,0.02,0.06,0,0,0,0,normal
0.006320517,0,0,0,0,0,1,0,0,0,0,0,0,0,0,0,0,0.011741683,0.011741683,0,0,0,0,1,0,0,0.776470588,1,1,0,0.01,0.01,0,0,0,0,normal
0.004457982,0,0,0,0,0,1,0,0,0,0,0,0,0,0,0,0,0.025440313,0.025440313,0,0,0,0,1,0,0,1,1,1,0,0,0,0,0,0,0,normal
0,0,0,0,0,0,0,0,0,0,0,0,0,0,0,0,0,0.001956947,0.001956947,0,0,1,1,1,0,0,0.007843137,0.360784314,1,0,0.5,0.09,0,0,1,1,normal
0.016191283,0,0,0,0,0,1,0,0,0,0,0,0,0,0,0,0,0.005870841,0.011741683,0,0,0,0,1,0,0.33,1,1,1,0,0,0,0,0,0,0,normal
0.078535792,0,0,0,0,0,1,0,0,0,0,0,0,0,0,0,0,0.001956947,0.02739726,1,0.07,0,0,1,0,0.14,0.007843137,1,1,0,0.5,0.02,0.5,0,0,0,normal
0,0,0,0,0,0,0,0,0,0,0,0,0,0,0,0,0,0.001956947,0.003913894,0,0,0,0,1,0,1,0.007843137,0.074509804,0.5,1,0.5,0.11,0,0,0,0,normal
0.001849088,0,0,0,0,0,1,0,0,0,0,0,0,0,0,0,0,0.025440313,0.025440313,0,0,0,0,1,0,0,0.050980392,1,1,0,0.08,0.04,0,0,0,0,normal
0.188257285,0,0,0,0,0,1,0,0,0,0,0,0,0,0,0,0,0.001956947,0.017612524,0,0,0,0,1,0,0.33,0.023529412,1,1,0,0.17,0.02,0,0,0,0,normal
0.03862912,0,0,0,0,0,1,0,0,0,0,0,0,0,0,0,0,0.015655577,0.015655577,0,0,0,0,1,0,0,0.278431373,1,1,0,0.01,0.02,0,0,0,0,normal
0.001902879,0,0,0,0,0,1,0,0,0,0,0,0,0,0,0,0,0.015655577,0.015655577,0,0,0,0,1,0,0,1,0.984313725,0.98,0.01,0,0,0,0,0,0,normal
0.00270303,0,0,0,0,0,1,0,0,0,0,0,0,0,0,0,0,0.001956947,0.001956947,0,0,0,0,1,0,0,1,0.062745098,0.06,0.02,0,0,0.93,0,0,0,normal
0,0,0,0,0,0,1,0,0,0,0,0,0,0,0,0,0,0.015655577,0.021526419,0,0,0,0,1,0,0.27,0.164705882,0.294117647,0.33,0.1,0.33,0.03,0,0,0,0,normal
0.009527844,0,0,0,0,0,1,0,0,0,0,0,0,0,0,0,0,0.045009785,0.045009785,0,0,0,0,1,0,0,1,1,1,0,0,0,0,0,0,0,normal
0.012607415,0,0,0,0,0,1,0,0,0,0,0,0,0,0,0,0,0.005870841,0.017612524,0,0,0,0,1,0,0.33,0.968627451,1,1,0,0,0.01,0,0,0,0,normal
0.01814123,0,0,0,0,0,1,0,0,0,0,0,0,1,0,0,0,0.005870841,0.007827789,0,0,0,0.25,1,0,0.5,1,0.984313725,0.98,0.01,0,0,0,0,0,0,normal
0.000988421,0,0,0,0,0,0,0,0,0,0,0,0,0,0,0,0,0.015655577,0.003913894,0,0,0,0,0.25,0.25,0,1,0.949019608,0.95,0.01,0.01,0,0,0,0,0,normal
0.004047821,0,0,0,0,0,1,0,0,0,0,0,0,0,0,0,0,0.099804305,0.111545988,0,0,0,0,1,0,0.04,1,1,1,0,0,0,0,0,0,0,normal
0.002931644,0,0,0,0,0,1,0,0,0,0,0,0,0,0,0,0,0.001956947,0.003913894,0,0,0,0,1,0,1,1,0.42745098,0.43,0.04,0,0,0.14,0,0.02,0,normal
0.002205457,0,0,0,0,0,1,0,0,0,0.071428571,0,0,0,0,0,0,0.001956947,0.001956947,0,0,0,0,1,0,0,1,0.509803922,0.51,0.02,0,0,0,0.01,0,0,normal
0,0,0,0,0,0,1,0,0,0,0.357142857,0,0,0,0,0,0,0.001956947,0.001956947,0,0,0,0,1,0,0,0.003921569,0.117647059,1,0,1,0.1,0,0,0,0,normal
0.002487863,0,0,0,0,0,1,0,0,0,0,0,0,0,0,0,0,0.001956947,0.001956947,0,0,0,0,1,0,0,0.003921569,0.603921569,1,0,1,0.01,0,0.01,0,0,normal
0.000558088,0,0,0,0,0,0,0,0,0,0,0,0,0,0,0,0,0.301369863,0.301369863,0,0,0,0,1,0,0,1,0.976470588,0.98,0.01,0.01,0,0,0,0,0,normal
0.002232353,0,0,0,0,0,1,0,0,0,0,0,0,0,0,0,0,0.001956947,0.001956947,0,0,0,0,1,0,0,0.294117647,0.207843137,0.71,0.07,0.01,0,0,0,0,0,normal
0.045561517,0,0,0,0,0,1,0,0,0,0,0,0,0,0,0,0,0.021526419,0.023483366,0,0,0,0,1,0,0.17,0.105882353,1,1,0,0.04,0.03,0,0,0,0,normal
0,0,0,0,0,0,1,0,0,0,0,0,0,0,0,0,0,0.017612524,0.017612524,0,0,0,0,1,0,0,0.435294118,0.215686275,0.33,0.05,0.33,0.04,0,0,0,0,normal
0.00090101,0,0,0,0,0,0,0,0,0,0,0,0,0,0,0,0,0.600782779,0.598825832,0,0,0,0,1,0.01,0,1,0.882352941,0.88,0.01,0,0,0,0,0,0,normal
0,0,0,0,0,0,1,0,0,0,0,0,0,0,0,0,0,0.001956947,0.001956947,0,0,0,0,1,0,0,0.309803922,0.094117647,0.3,0.05,0.3,0,0,0,0,0,normal
0.000874114,0,0,0,0,0,0,0,0,0,0,0,0,0,0,0,0,0.084148728,0.236790607,0,0,0,0,1,0,0.02,0.91372549,0.670588235,0.73,0.02,0,0,0,0,0,0,normal
0.000477401,0,0,0,0,0,0,0,0,0,0,0,0,0,0,0,0,0.395303327,0.395303327,0,0,0,0,1,0,0,1,1,1,0,0.01,0,0,0,0,0,normal
0.085004236,0,0,0,0,0,1,0,0,0,0,0,0,0,0,0,0,0.007827789,0.007827789,0,0,0,0,1,0,0,0.039215686,1,1,0,0.1,0.09,0,0,0,0,normal
0.057899974,0,0,0,0,0,1,0,0,0,0,0,0,0,0,0,0,0.001956947,0.001956947,0,0,1,1,1,0,0,0.043137255,0.015686275,0.36,0.18,0.09,0,0,0,0.36,1,normal
0.071852181,0,0,0,0,0,0,0,0,0,0,0,0,0,0,0,0,0.001956947,0.001956947,0,0,0,0,1,0,0,1,0.254901961,0.25,0.02,0,0,0.8,0.92,0,0,normal
0,0,0,0,0,0,1,0,0,0,0,0,0,0,0,0,0,0.039138943,0.039138943,0,0,0,0,1,0,0,0.552941176,0.192156863,0.28,0.03,0.28,0.04,0,0,0,0,normal
0.003496456,0,0,0,0,0,1,0,0,0,0,0,0,0,0,0,0,0.045009785,0.084148728,0,0,0,0,1,0,0.12,1,1,1,0,0,0,0,0,0,0,normal
0,0,0,0,0,0,0,0,0,0,0,0,0,0,0,0,0,0.003913894,0.001956947,0,0,0,0,0.5,1,0,1,0.023529412,0.02,0.01,0.11,0,0,0,0,0,normal
0,0,0,0,0,0,0,0,0,0,0,0,0,0,0,0,0,0.001956947,0.001956947,0,0,1,1,1,0,0,0.839215686,0.607843137,0.72,0.01,0,0,0,0,0.72,1,normal
0.005103482,0,0,0,0,0,1,0,0,0,0,0,0,0,0,0,0,0.005870841,0.009784736,0,0,0,0,1,0,0.4,0.443137255,1,1,0,0.01,0.02,0.01,0.01,0,0,normal
0.026478934,0,0,0,0,0,1,0,0,0,0,0,0,0,0,0,0,0.019569472,0.031311155,0,0,0,0,1,0,0.25,1,1,1,0,0,0,0,0,0,0,normal
0.002743374,0,0,0,0,0,1,0,0,0,0,0,0,0,0,0,0,0.011741683,0.050880626,0,0,0,0,1,0,0.08,0.250980392,1,1,0,0.02,0.03,0,0,0,0,normal
0,0,0,0,0,0,0,0,0,0,0,0,0,0,0,0,0,0.001956947,0.001956947,0,0,1,1,1,0,0,0.207843137,0.898039216,1,0,0.02,0.06,0,0,0.08,0.55,normal
0.001748228,0,0,0,0,0,1,0,0,0,0,0,0,0,0,0,0,0.033268102,0.037181996,0,0,0,0,1,0,0.16,0.137254902,1,1,0,0.03,0.06,0,0,0.03,0.06,normal
0.160836998,0,0,0,0,0,1,0.105263158,0,0,0,0,0,1,0,0,0,0.005870841,0.003913894,0,0,0.67,1,0.67,0.67,0,1,0.062745098,0.06,0.06,0.01,0,0.67,0.06,0.01,0.12,normal
0.023910383,0,0,0,0,0,1,0,0,0,0,0,0,0,0,0,0,0.003913894,0.003913894,0,0,0,0,1,0,0,0.101960784,1,1,0,0.04,0.04,0,0,0,0,normal
0.006280174,0,0,0,0,0,1,0,0,0,0,0,0,0,0,0,0,0.005870841,0.005870841,0,0,0,0,1,0,0,0.019607843,1,1,0,0.2,0.05,0,0.01,0,0,normal
0,0,0.333333333,0,0,0,0,0,0,0,0,0,0,0,0,0,0,0.003913894,0.007827789,0,0,0,0,1,0,0.5,0.007843137,0.149019608,1,0,1,0.5,0,0,0,0,pod
0,0,0,0,0,0,0,0,0,0,0,0,0,0,0,0,0,0.003913894,0.001956947,0,0,1,1,0.5,1,0,1,0.003921569,0,0.31,0.28,0,0,0,0.29,1,portsweep
0,0,0,0,0,0,0,0,0,0,0,0,0,0,0,0,0,0.001956947,0.001956947,0,0,1,1,1,0,0,0.925490196,0.003921569,0,0.58,0.58,0,0,0,0.58,1,portsweep
0,0,0,0,0,0,0,0,0,0,0,0,0,0,0,0,0,0.003913894,0.003913894,0,0,1,1,1,0,0,1,0.007843137,0.01,0.69,1,0,0,0,1,1,portsweep
0,0,0,0,0,0,0,0,0,0,0,0,0,0,0,0,0,0.003913894,0.003913894,0,0,1,1,1,0,0,1,0.007843137,0.01,0.74,1,0,0,0,1,1,portsweep
0,0,0,0,0,0,0,0,0,0,0,0,0,0,0,0,0,0.794520548,0.001956947,0,0,1,1,0,0.52,0,1,0.003921569,0,0.52,1,0,0,0,1,1,portsweep
0,0,0,0,0,0,0,0,0,0,0,0,0,0,0,0,0,0.003913894,0.003913894,0,0,1,1,1,0,0,1,0.007843137,0.01,0.74,1,0,0,0,1,1,portsweep
0,0,0,0,0,0,0,0,0,0,0,0,0,0,0,0,0,0.001956947,0.001956947,0,0,1,1,1,0,0,1,0.003921569,0,0.38,0.36,0,0,0,0.37,1,portsweep
0,0,0,0,0,0,0,0,0,0,0,0,0,0,0,0,0,0.003913894,0.003913894,0,0,1,1,1,0,0,1,0.007843137,0.01,0.5,1,0,0,0,1,1,portsweep
0,0,0,0,0,0,0,0,0,0,0,0,0,0,0,0,0,0.001956947,0.001956947,0,0,1,1,1,0,0,1,0.003921569,0,0.16,0.15,0,0,0,0.15,1,portsweep
0,0,0,0,0,0,0,0,0,0,0,0,0,0,0,0,0,0.003913894,0.001956947,0,0,1,1,0.5,1,0,1,0.003921569,0,0.6,0.56,0,0.01,0,0.57,1,portsweep
0,0,0,0,0,0,0,0,0,0,0,0,0,0,0,0,0,0.001956947,0.001956947,0,0,1,1,1,0,0,1,0.003921569,0,0.64,0.64,0,0,0,0.64,1,portsweep
0,0,0,0,0,0,0,0,0,0,0,0,0,0,0,0,0,0.003913894,0.001956947,0,0,1,1,0.5,1,0,1,0.003921569,0,0.53,0.51,0,0,0,0.51,1,portsweep
0,0,0,0,0,0,0,0,0,0,0,0,0,0,0,0,0,0.003913894,0.003913894,0,0,1,1,1,0,0,1,0.007843137,0.01,0.82,1,0,0,0,1,1,portsweep
0,0,0,0,0,0,0,0,0,0,0,0,0,0,0,0,0,0.048923679,0.003913894,0,0,1,1,0.08,0.52,0,0.764705882,0.007843137,0.01,0.08,0.13,0,0.01,0,0.38,1,portsweep
0,0,0,0,0,0,0,0,0,0,0,0,0,0,0,0,0,0.003913894,0.001956947,0,0,0.5,1,0.5,1,0,1,0.003921569,0,1,1,0,0,0,0.99,1,portsweep
0,0,0,0,0,0,0,0,0,0,0,0,0,0,0,0,0,0.001956947,0.001956947,0,0,1,1,1,0,0,1,0.003921569,0,0.82,1,0,0,0,1,1,portsweep
0,0,0,0,0,0,0,0,0,0,0,0,0,0,0,0,0,0.003913894,0.003913894,0,0,1,1,1,0,0,1,0.007843137,0.01,0.28,0.56,0,0,0,0.56,1,portsweep
0,0,0,0,0,0,0,0,0,0,0,0,0,0,0,0,0,0.003913894,0.003913894,0,0,1,1,1,0,0,1,0.007843137,0.01,0.68,1,0,0,0,1,1,portsweep
0,0,0,0,0,0,0,0,0,0,0,0,0,0,0,0,0,0.001956947,0.001956947,0,0,1,1,1,0,0,1,0.003921569,0,0.7,0.7,0,0,0,0.69,1,portsweep
0,0,0,0,0,0,0,0,0,0,0,0,0,0,0,0,0,0.626223092,0.001956947,0,0,1,1,0,0.51,0,1,0.003921569,0,0.51,1,0,0,0,1,1,portsweep
0,0,0,0,0,0,0,0,0,0,0,0,0,0,0,0,0,0.003913894,0.001956947,0,0,1,1,0.5,1,0,1,0.003921569,0,1,1,0,0,0,1,1,portsweep
0,0,0,0,0,0,0,0,0,0,0,0,0,0,0,0,0,0.001956947,0.001956947,0,0,1,1,1,0,0,0.701960784,0.003921569,0.01,0.17,0.33,0,0,0,0.33,1,portsweep
0,0,0,0,0.033333333,0,0,0,0,0,0,0,0,0,0,0,0,0.389432485,0.001956947,0.65,1,0.35,0,0.01,0.41,0,1,0.003921569,0,0.32,0.78,0,0.51,1,0.27,0,portsweep
0,0,0,0,0,0,0,0,0,0,0,0,0,0,0,0,0,0.003913894,0.001956947,0,0,1,1,0.5,1,0,1,0.003921569,0,0.48,0.42,0,0.11,0,0.42,1,portsweep
0,0,0,0,0,0,0,0,0,0,0,0,0,0,0,0,0,0.001956947,0.001956947,0,0,1,1,1,0,0,0.258823529,0.003921569,0.02,0.32,0.27,0,0.09,0,0.27,1,portsweep
0,0,0,0,0,0,0,0,0,0,0,0,0,0,0,0,0,0.003913894,0.003913894,0,0,1,1,1,0,0,1,0.007843137,0.01,0.73,1,0,0,0,1,1,portsweep
0,0,0,0,0,0,0,0,0,0,0,0,0,0,0,0,0,0.127201566,0.003913894,0,0,1,1,0.03,0.54,0,0.921568627,0.007843137,0.01,0.15,0.28,0,0.01,0,0.49,1,portsweep
0,0,0,0,0,0,0,0,0,0,0,0,0,0,0,0,0,0.003913894,0.003913894,0,0,1,1,1,0,0,1,0.007843137,0.01,0.66,1,0,0,0,1,1,portsweep
0,0,0,0,0,0,0,0,0,0,0,0,0,0,0,0,0,0.716242661,0.001956947,0,0,1,1,0,0.52,0,1,0.003921569,0,0.52,1,0,0,0,1,1,portsweep
0,0,0,0,0,0,0,0,0,0,0,0,0,0,0,0,0,0.003913894,0.001956947,0,0,1,1,0.5,1,0,1,0.003921569,0,0.68,0.67,0,0,0,0.67,1,portsweep
0,0,0,0,0,0,0,0,0,0,0,0,0,0,0,0,0,0.001956947,0.001956947,0,0,1,1,1,0,0,0.207843137,0.003921569,0.02,0.15,0.09,0,0.11,0,0.09,1,portsweep
0,0,0,0,0,0,0,0,0,0,0,0,0,0,0,0,0,0.001956947,0.001956947,0,0,1,1,1,0,0,0.815686275,0.003921569,0,0.77,0.77,0,0.03,0,0.63,1,portsweep
0,0,0,0,0,0,0,0,0,0,0,0,0,0,0,0,0,0.001956947,0.001956947,0,0,1,1,1,0,0,1,0.003921569,0,0.51,1,0,0,0,1,1,portsweep
0,0,0,0,0,0,0,0,0,0,0,0,0,0,0,0,0,0.123287671,0.003913894,0,0,1,1,0.03,0.54,0,1,0.007843137,0.01,0.14,0.25,0,0,0,0.85,1,portsweep
0,0,0,0,0,0,0,0,0,0,0,0,0,0,0,0,0,0.003913894,0.001956947,0,0,1,1,0.5,1,0,1,0.003921569,0,0.25,0.23,0,0,0,0.24,1,portsweep
0,0,0,0,0,0,0,0,0,0,0,0,0,0,0,0,0,0.003913894,0.003913894,0,0,1,1,1,0,0,1,0.007843137,0.01,0.73,1,0,0,0,1,1,portsweep
0.056185366,0,0,1,0.033333333,0,1,0.263157895,1,0,1,0.125,0,0,0,0,0,0.001956947,0.001956947,0,0,0,0,1,0,0,1,0.015686275,0.02,0.02,0,0,0,0,0,0,rootkit
0.161912831,0,0,0,0,0,1,0.315789474,0,0,0.5,0,0,0,0,0,0,0.001956947,0.001956947,0,0,0,0,1,0,0,1,0.011764706,0.01,0.02,0,0,0,0,0,0,rootkit
0.002319764,0,0,0,0.033333333,0,1,0,0,0,0,0.125,0,0,0,0,0,0.001956947,0.001956947,0,0,0,0,1,0,0,1,0.003921569,0,0.02,0,0,0,0,0,0,rootkit
0,0,0,0,0,0,0,0,0,0,0,0,0,0,0,0,0,0.003913894,0.003913894,0,0,0,0,1,0,0,0.007843137,0.007843137,1,0,0.5,0,0,0,0,0,rootkit
0,0,0,0,0,0,0,0,0,0,0,0,0,0,0,0,0,0.342465753,0.001956947,0.1,0,0.89,1,0.01,1,0,1,0.003921569,0,0.84,0,0,0.07,0,0.62,1,satan
0,0,0,0,0,0,0,0,0,0,0,0,0,0,0,0,0,0.951076321,0.001956947,0.08,0,0.89,1,0,0.95,0,1,0.003921569,0,0.91,0,0,0.11,0,0.89,1,satan
0,0,0,0,0,0,0,0,0,0,0,0,0,0,0,0,0,0.043052838,0.011741683,0,0,0,0,0.27,0.09,0,1,0.023529412,0.02,0.06,1,0,0,0,0,0,satan
0,0,0,0,0,0,0,0,0,0,0,0,0,0,0,0,0,0.31702544,0.001956947,0.05,0,0.94,1,0.01,1,0,1,0.003921569,0,0.8,0,0,0.03,0,0.61,1,satan
0,0,0,0,0,0,0,0,0,0,0,0,0,0,0,0,0,0.070450098,0.001956947,0.17,0,0.83,1,0.03,1,0,1,0.003921569,0,0.47,0,0,0.02,0,0.13,1,satan
0,0,0,0,0,0,0,0,0,0,0,0,0,0,0,0,0,0.831702544,0.001956947,0.08,0,0.91,1,0,1,0,1,0.003921569,0,1,0,0,0.08,0,0.92,1,satan
0,0,0,0,0,0,0,0,0,0,0,0,0,0,0,0,0,0.023483366,0.001956947,0,0,0,0,0.08,0.17,0,1,0.094117647,0.09,0.2,0.6,0,0,0,0.34,0,satan
0,0,0,0,0,0,0,0,0,0,0,0,0,0,0,0,0,0.898238748,0.009784736,0.07,0,0.9,1,0.01,0.99,0,1,0.015686275,0.02,0.99,0,0,0.08,0,0.91,1,satan
0,0,0,0,0,0,0,0,0,0,0,0,0,0,0,0,0,0.003913894,0.003913894,0,0,0,0,1,0,0,1,0.007843137,0.01,0.73,0.35,0,0.03,0,0.62,0,satan
0,0,0,0,0,0,0,0,0,0,0,0,0,0,0,0,0,0.996086106,0.001956947,0.21,0,0.78,1,0,1,0,1,0.003921569,0,1,0,0,0.22,0,0.77,1,satan
0,0,0,0,0,0,0,0,0,0,0,0,0,0,0,0,0,0.058708415,0.015655577,0,0,0,0,0.27,0.1,0,1,0.031372549,0.03,0.06,1,0,0,0,0,0,satan
0,0,0,0,0,0,0,0,0,0,0,0,0,0,0,0,0,0.15851272,0.001956947,0.09,0,0.91,1,0.01,1,0,1,0.003921569,0,0.59,0,0,0.03,0,0.3,1,satan
0,0,0,0,0,0,0,0,0,0,0,0,0,0,0,0,0,0.152641879,0.001956947,0.01,0,0.92,1,0.01,1,0,1,0.003921569,0,0.33,0,0,0,0,0.29,1,satan
0,0,0,0,0,0,0,0,0,0,0,0,0,0,0,0,0,0.033268102,0.033268102,0,0,0,0,1,0,0,1,0.839215686,0.84,0.02,1,0,0,0,0,0,satan
0,0,0,0,0,0,0,0,0,0,0,0,0,0,0,0,0,0.001956947,0.001956947,0,0,1,1,1,0,0,0.466666667,0.003921569,0.01,0.13,0.01,0,0,0,0.03,1,satan
0,0,0,0,0,0,0,0,0,0,0,0,0,0,0,0,0,0.399217221,0.001956947,0.06,0,0.88,1,0,1,0,1,0.003921569,0,0.81,0,0,0.05,0,0.71,1,satan
0,0,0,0,0,0,0,0,0,0,0,0,0,0,0,0,0,1,0.001956947,0.17,1,0.82,0,0,1,0,1,0.003921569,0,1,0,0,0.2,1,0.8,0,satan
0,0,0,0,0,0,0,0,0,0,0,0,0,0,0,0,0,0.514677104,0.514677104,0,0,0,0,1,0,0,1,1,1,0,1,0,0,0,0,0,smurf
0,0,0,0,0,0,0,0,0,0,0,0,0,0,0,0,0,1,1,0,0,0,0,1,0,0,1,0.831372549,0.83,0.02,0.83,0,0,0,0,0,smurf
0,0,0,0,0,0,0,0,0,0,0,0,0,0,0,0,0,0.090019569,0.090019569,0,0,0,0,1,0,0,1,0.180392157,0.18,0.02,0.18,0,0,0,0,0,smurf
0,0,0,0,0,0,0,0,0,0,0,0,0,0,0,0,0,0.416829746,0.416829746,0,0,0,0,1,0,0,1,1,1,0,1,0,0,0,0,0,smurf
0,0,0,0,0,0,0,0,0,0,0,0,0,0,0,0,0,0.951076321,0.951076321,0,0,0,0,1,0,0,1,1,1,0,1,0,0,0,0,0,smurf
0,0,0,0,0,0,0,0,0,0,0,0,0,0,0,0,0,0.894324853,0.894324853,0,0,0,0,1,0,0,0.6,0.6,1,0,1,0,0,0,0,0,smurf
0,0,0,0,0,0,0,0,0,0,0,0,0,0,0,0,0,1,1,0,0,0,0,1,0,0,1,0.784313725,0.78,0.01,0.78,0,0,0,0,0,smurf
0,0,0,0,0,0,0,0,0,0,0,0,0,0,0,0,0,0.272015656,0.272015656,0,0,0,0,1,0,0,1,1,1,0,1,0,0,0,0,0,smurf
0,0,0,0,0,0,0,0,0,0,0,0,0,0,0,0,0,1,1,0,0,0,0,1,0,0,1,0.462745098,0.46,0.01,0.46,0,0,0,0,0,smurf
0,0,0,0,0,0,0,0,0,0,0,0,0,0,0,0,0,1,1,0,0,0,0,1,0,0,1,0.262745098,0.26,0.04,0.26,0,0.16,0,0.02,0,smurf
0,0,0,0,0,0,0,0,0,0,0,0,0,0,0,0,0,0.630136986,0.630136986,0,0,0,0,1,0,0,1,0.858823529,0.86,0.01,0.86,0,0,0,0,0,smurf
0,0,0,0,0,0,0,0,0,0,0,0,0,0,0,0,0,1,1,0,0,0,0,1,0,0,0.952941176,0.384313725,0.4,0.01,0.4,0,0,0,0,0,smurf
0,0,0,0,0,0,0,0,0,0,0,0,0,0,0,0,0,0.127201566,0.127201566,0,0,0,0,1,0,0,1,1,1,0,1,0,0,0,0,0,smurf
0,0,0,0,0,0,0,0,0,0,0,0,0,0,0,0,0,0.510763209,0.510763209,0,0,0,0,1,0,0,1,1,1,0,1,0,0,0,0,0,smurf
0,0,0,0,0,0,0,0,0,0,0,0,0,0,0,0,0,0.849315068,0.849315068,0,0,0,0,1,0,0,0.117647059,0.117647059,1,0,1,0,0,0,0,0,smurf
0,0,0,0,0,0,0,0,0,0,0,0,0,0,0,0,0,0.5518591,0.5518591,0,0,0,0,1,0,0,1,1,1,0,1,0,0,0,0,0,smurf
0,0,0,0,0,0,0,0,0,0,0,0,0,0,0,0,0,0.489236791,0.489236791,0,0,0,0,1,0,0,1,0.980392157,0.98,0.01,0.98,0,0,0,0,0,smurf
0,0,1,0,0,0,0,0,0,0,0,0,0,0,0,0,0,0.156555773,0.156555773,0,0,0,0,1,0,0,1,0.31372549,0.31,0.02,0.31,0,0,0,0,0,teardrop
0,0,1,0,0,0,0,0,0,0,0,0,0,0,0,0,0,0.003913894,0.003913894,0,0,0,0,1,0,0,1,0.007843137,0.01,0.02,0.01,0,0,0,0.77,0,teardrop
0,0,1,0,0,0,0,0,0,0,0,0,0,0,0,0,0,0.160469667,0.160469667,0,0,0,0,1,0,0,1,0.71372549,0.71,0.29,0.71,0,0.09,0,0.2,0,teardrop
0,0,1,0,0,0,0,0,0,0,0,0,0,0,0,0,0,0.068493151,0.066536204,0,0,0.03,0,0.97,0.06,0,1,0.133333333,0.13,0.02,0.13,0,0,0,0.67,0,teardrop
0,0,1,0,0,0,0,0,0,0,0,0,0,0,0,0,0,0.007827789,0.007827789,0,0,0,0,1,0,0,1,0.278431373,0.28,0.01,0.28,0,0,0,0,0,teardrop
0,0,1,0,0,0,0,0,0,0,0,0,0,0,0,0,0,0.04109589,0.04109589,0,0,0,0,1,0,0,1,0.082352941,0.08,0.02,0.08,0,0,0,0,0,teardrop
0,0,1,0,0,0,0,0,0,0,0,0,0,0,0,0,0,0.133072407,0.133072407,0,0,0,0,1,0,0,1,0.266666667,0.27,0.02,0.27,0,0,0,0,0,teardrop
0,0,1,0,0,0,0,0,0,0,0,0,0,0,0,0,0,0.17221135,0.17221135,0,0,0,0,1,0,0,1,0.345098039,0.35,0.02,0.35,0,0,0,0,0,teardrop
0,0,1,0,0,0,0,0,0,0,0,0,0,0,0,0,0,0.193737769,0.193737769,0,0,0,0,1,0,0,1,0.258823529,0.26,0.01,0.26,0,0,0,0,0,teardrop
0,0,1,0,0,0,0,0,0,0,0,0,0,0,0,0,0,0.052837573,0.052837573,0,0,0,0,1,0,0,1,0.105882353,0.11,0.02,0.11,0,0,0,0,0,teardrop
0,0,1,0,0,0,0,0,0,0,0,0,0,0,0,0,0,0.035225049,0.035225049,0,0,0,0,1,0,0,1,0.070588235,0.07,0.02,0.07,0,0,0,0.72,0,teardrop
0,0,0,0,0,0,1,0,0,0,0,0,0,0,0,0,0,0.003913894,0.003913894,0,0,0,0,1,0,0,0.007843137,0.078431373,1,0,1,0.2,0,0,0,0,warezclient
0,0,0,0,0,0,1,0,0,0,0,0,0,0,0,0,0,0.003913894,0.003913894,0,0,0,0,1,0,0,0.015686275,0.149019608,1,0,1,0.18,0,0,0,0,warezclient
0,0,0,0,0,0,1,0,0,0,0,0,0,0,0,0,0,0.003913894,0.003913894,0,0,0,0,1,0,0,0.023529412,0.101960784,1,0,1,0.19,0,0,0,0,warezclient
0.007967886,0,0,0,0.2,0,1,0,0,0,0,0,0,0,0,0,1,0.001956947,0.003913894,0,0,0,0,1,0,1,1,0.556862745,0.56,0.02,0,0,0,0,0,0,warezclient
0,0,0,0,0,0,1,0,0,0,0,0,0,0,0,0,0,0.001956947,0.001956947,0,0,0,0,1,0,0,0.011764706,0.109803922,1,0,1,0.18,0,0,0,0,warezclient
0,0,0,0,0.133333333,0,1,0,0,0,0,0,0,0,0,0,0,0.001956947,0.01369863,0,0.14,0,0,1,0,0.29,0.02745098,0.164705882,1,0,1,0.14,0,0.02,0,0,warezclient
0.016480413,0,0,0,0.933333333,0,1,0,0,0,0,0,0,0,0,0,1,0.001956947,0.001956947,0,0,0,0,1,0,0,1,0.482352941,0.48,0.02,0,0,0,0,0.01,0,warezclient
0,0,0,0,0,0,1,0,0,0,0,0,0,0,0,0,0,0.001956947,0.001956947,0,0,0,0,1,0,0,0.003921569,0.066666667,1,0,1,0.24,0,0,0,0,warezclient
0.016480413,0,0,0,0.933333333,0,1,0,0,0,0,0,0,0,0,0,1,0.001956947,0.001956947,0,0,0,0,1,0,0,0.929411765,0.254901961,0.27,0.02,0,0,0,0,0.01,0,warezclient
0,0,0,0,0,0,1,0,0,0,0,0,0,0,0,0,0,0.001956947,0.001956947,0,0,0,0,1,0,0,0.011764706,0.08627451,1,0,1,0.14,0,0,0,0,warezclient
0,0,0,0,0,0,1,0,0,0,0,0,0,0,0,0,0,0.001956947,0.001956947,0,0,0,0,1,0,0,0.019607843,0.062745098,1,0,1,0.12,0,0,0,0,warezclient
0,0,0,0,0,0,1,0,0,0,0,0,0,0,0,0,0,0.003913894,0.003913894,0,0,0,0,1,0,0,0.031372549,0.105882353,1,0,1,0.11,0,0,0,0,warezclient
,,,,,,,,,,,,,,,,,,,,,,,,,,,,,,,,,,,,
1,0,1,1,1,1,1,1,1,1,1,1,0,1,0,0,1,1,1,1,1,1,1,1,1,1,1,1,1,1,1,1,1,1,1,1,
,,,,,,,,,,,,,,,,,,,,,,,,,,,,,,,,,,,,
148722,,3,,30,2,,19,,,14,8,,,,,,511,511,,,,,,,,255,255,,,,,,,,,
